,symbol
0,0IRF.IL
1,0QF.F
2,1315.TW
3,1476.TW
4,1477.TW
5,1536.TW
6,1537.TW
7,1558.TW
8,1560.TW
9,1590.TW
10,1597.TW
11,1707.TW
12,1723.TW
13,1760.TW
14,1773.TW
15,1795.TW
16,2015.TW
17,2049.TW
18,2059.TW
19,2108.TW
20,2114.TW
21,2207.TW
22,2227.TW
23,2231.TW
24,2233.TW
25,2247.TW
26,22UA.F
27,2308.TW
28,2317.TW
29,2327.TW
30,2330.TW
31,2338.TW
32,2345.TW
33,2348.TW
34,2351.TW
35,2357.TW
36,2360.TW
37,2368.TW
38,2373.TW
39,2375.TW
40,2376.TW
41,2377.TW
42,2379.TW
43,2382.TW
44,2383.TW
45,2385.TW
46,2395.TW
47,2404.TW
48,2412.TW
49,2428.TW
50,2436.TW
51,2439.TW
52,2454.TW
53,2455.TW
54,2456.TW
55,2458.TW
56,2474.TW
57,2480.TW
58,2481.TW
59,2492.TW
60,2497.TW
61,2548.TW
62,2597.TW
63,2603.TW
64,2609.TW
65,2615.TW
66,2636.TW
67,2642.TW
68,2707.TW
69,2723.TW
70,2727.TW
71,2731.TW
72,2753.TW
73,2912.TW
74,2915.TW
75,2FB.DE
76,2PP.DE
77,2QO.DE
78,3003.TW
79,3006.TW
80,3008.TW
81,3010.TW
82,3014.TW
83,3016.TW
84,3017.TW
85,3019.TW
86,3023.TW
87,3026.TW
88,3034.TW
89,3035.TW
90,3036.TW
91,3037.TW
92,3042.TW
93,3044.TW
94,3045.TW
95,3130.TW
96,3138.TW
97,3189.TW
98,3376.TW
99,3406.TW
100,3413.TW
101,3443.TW
102,3504.TW
103,3515.TW
104,3530.TW
105,3532.TW
106,3533.TW
107,3545.TW
108,3563.TW
109,3583.TW
110,3588.TW
111,3596.TW
112,3653.TW
113,3661.TW
114,3665.TW
115,3679.TW
116,3708.TW
117,3711.TW
118,3714.TW
119,3E2.F
120,3LN.DE
121,3V64.DE
122,4119.TW
123,4438.TW
124,4536.TW
125,4551.TW
126,4572.TW
127,4576.TW
128,4739.TW
129,4755.TW
130,4766.TW
131,4912.TW
132,4919.TW
133,4961.TW
134,4968.TW
135,4AB.DE
136,4I1.DE
137,5203.TW
138,5222.TW
139,5234.TW
140,5269.TW
141,5283.TW
142,5285.TW
143,5288.TW
144,5434.TW
145,5471.TW
146,5871.TW
147,6176.TW
148,6196.TW
149,6202.TW
150,6213.TW
151,6214.TW
152,6224.TW
153,6230.TW
154,6239.TW
155,6269.TW
156,6271.TW
157,6277.TW
158,6278.TW
159,6281.TW
160,6409.TW
161,6412.TW
162,6414.TW
163,6416.TW
164,6438.TW
165,6464.TW
166,6491.TW
167,6504.TW
168,6505.TW
169,6515.TW
170,6531.TW
171,6533.TW
172,6581.TW
173,6582.TW
174,6592.TW
175,6655.TW
176,6669.TW
177,6670.TW
178,6706.TW
179,6715.TW
180,6756.TW
181,6781.TW
182,6806.TW
183,8016.TW
184,8046.TW
185,8081.TW
186,8104.TW
187,8114.TW
188,8261.TW
189,8341.TW
190,8422.TW
191,8454.TW
192,8462.TW
193,8464.TW
194,8478.TW
195,8480.TW
196,9910.TW
197,9914.TW
198,9917.TW
199,9921.TW
200,9938.TW
201,9941.TW
202,9942.TW
203,9958.TW
204,A4S.DE
205,AA
206,AACI
207,AACIU
208,AACQU
209,AAD.DE
210,AADI
211,AAF.L
212,AAGH
213,AAIC-PB
214,AAIC-PC
215,AAIC
216,AAL
217,AAME
218,AAN
219,AAOI
220,AAON
221,AAPL
222,AASP
223,AAT
224,AATC
225,AAWW
226,AB
227,ABCB
228,ABCP
229,ABEA.DE
230,ABEC.DE
231,ABEO
232,ABGI
233,ABIO
234,ABL.DE
235,ABMC
236,ABML
237,ABMT
238,ABOS
239,ABQQ
240,ABR-PB
241,ABR-PC
242,ABR-PD
243,ABR-PF
244,ABR
245,ABSI
246,ABT.SW
247,ABTI
248,ABTX
249,ABUS
250,ABVC
251,AC
252,ACA
253,ACAD
254,ACAH
255,ACAHU
256,ACAHW
257,ACAN
258,ACAQ
259,ACBI
260,ACBM
261,ACC
262,ACCD
263,ACCO
264,ACDI
265,ACEL
266,ACER
267,ACET
268,ACEVU
269,ACFN
270,ACHC
271,ACHL
272,ACHN
273,ACHR
274,ACHV
275,ACI
276,ACIC
277,ACID.IL
278,ACII-UN
279,ACIW
280,ACKIT
281,ACKIU
282,ACKIW
283,ACLS
284,ACM
285,ACMC
286,ACNB
287,ACOR
288,ACQR
289,ACQRU
290,ACR-PD
291,ACR
292,ACRE
293,ACRHF
294,ACRO
295,ACRS
296,ACRX
297,ACT
298,ACTD
299,ACTDU
300,ACTDW
301,ACTG
302,ACU
303,ACUR
304,ACVA
305,ACXP
306,ACY
307,ADAL
308,ADAP
309,ADC-PA
310,ADC
311,ADER
312,ADERU
313,ADERW
314,ADES
315,ADEX
316,ADF
317,ADGI
318,ADIL
319,ADILW
320,ADM
321,ADMA
322,ADMG
323,ADMP
324,ADMQ
325,ADMS
326,ADMT
327,ADN
328,ADNWW
329,ADOC
330,ADOCR
331,ADOM
332,ADPT
333,ADRA
334,ADS
335,ADS.DE
336,ADS.F
337,ADT
338,ADTN
339,ADTX
340,ADV
341,ADVM
342,AE
343,AEAC
344,AEACU
345,AEACW
346,AEAE
347,AEC1.DE
348,AEG
349,AEHR
350,AEI
351,AEL
352,AEMD
353,AEP.DE
354,AEPPZ
355,AERC
356,AERG
357,AERI
358,AES
359,AESC
360,AESE
361,AEVA
362,AEY
363,AEYE
364,AFAC
365,AFACU
366,AFAQ
367,AFAQU
368,AFAQW
369,AFBI
370,AFCG
371,AFGB
372,AFGC
373,AFGD
374,AFGE
375,AFHBL
376,AFHIF
377,AFI
378,AFIB
379,AFIN
380,AFINO
381,AFINP
382,AFL
383,AFLYY
384,AFMD
385,AFRM
386,AFTR-UN
387,AFTR
388,AFX.DE
389,AGBAR
390,AGBAW
391,AGC
392,AGCB
393,AGCUU
394,AGE
395,AGFS
396,AGFY
397,AGGR
398,AGGRU
399,AGGRW
400,AGIL
401,AGIO
402,AGJ.DE
403,AGL
404,AGLE
405,AGM-PD
406,AGM-PE
407,AGM-PF
408,AGM-PG
409,AGNC
410,AGNCM
411,AGNCN
412,AGNCO
413,AGNCP
414,AGR
415,AGRX
416,AGS
417,AGTC
418,AGTI
419,AGTX
420,AGX
421,AGYS
422,AHACU
423,AHC
424,AHC.DE
425,AHCO
426,AHH
427,AHNR
428,AHPA
429,AHPAW
430,AHPI
431,AHT-PD
432,AHT-PF
433,AHT-PG
434,AHT-PH
435,AHT-PI
436,AHT
437,AIAD
438,AIC
439,AIG-PA
440,AIG
441,AIKI
442,AILIH
443,AILLI
444,AILLN
445,AILLO
446,AIM
447,AIMC
448,AIMD
449,AINC
450,AINV
451,AIP
452,AIR.DE
453,AIRC
454,AIRG
455,AIRI
456,AIRT
457,AIRTW
458,AITX
459,AIV
460,AJAX-UN
461,AJIA
462,AJRD
463,AJX
464,AK3.DE
465,AKA
466,AKBA
467,AKE.PA
468,AKIC
469,AKICU
470,AKICW
471,AKOM
472,AKR
473,AKRO
474,AKTS
475,AKTX
476,AKUS
477,AKX.DE
478,AKYA
479,AKZA.AS
480,AL-PA
481,AL
482,ALACR
483,ALBO
484,ALCC
485,ALCO
486,ALD.DE
487,ALDA
488,ALDS
489,ALDX
490,ALE
491,ALEC
492,ALEX
493,ALF
494,ALGM
495,ALHC
496,ALIM
497,ALIT
498,ALJJ
499,ALK
500,ALKT
501,ALL-PB
502,ALL-PG
503,ALL-PH
504,ALL-PI
505,ALLK
506,ALLO
507,ALLR
508,ALLY
509,ALNA
510,ALOT
511,ALPA
512,ALPC
513,ALPN
514,ALPP
515,ALRM
516,ALRN
517,ALRS
518,ALRT
519,ALS.DE
520,ALSK
521,ALSN
522,ALT
523,ALTA
524,ALTD
525,ALTG
526,ALTM
527,ALTO
528,ALTR
529,ALTU
530,ALTUU
531,ALTX
532,ALV.DE
533,ALVR
534,ALXN
535,ALXO
536,AM
537,AMAL
538,AMAO
539,AMAOU
540,AMAOW
541,AMBC
542,AMC
543,AMCIU
544,AMCIW
545,AMCR
546,AMCT
547,AMCX
548,AMD.DE
549,AMEH
550,AMG.DE
551,AMH-PE
552,AMH-PF
553,AMH-PG
554,AMH-PH
555,AMH
556,AMHC
557,AMHCU
558,AMHCW
559,AMHG
560,AMIH
561,AMK
562,AMKR
563,AML.L
564,AMMJ
565,AMMX
566,AMNB
567,AMNL
568,AMOT
569,AMPE
570,AMPG
571,AMPGW
572,AMPH
573,AMPI
574,AMPL
575,AMPY
576,AMR
577,AMRB
578,AMRC
579,AMRK
580,AMRR
581,AMRS
582,AMRX
583,AMS
584,AMSC
585,AMSF
586,AMST
587,AMSU
588,AMTB
589,AMTBB
590,AMTI
591,AMTX
592,AMTY
593,AMWL
594,AMYT
595,AMZ.DE
596,ANAB
597,ANAC
598,ANAV
599,ANDA
600,ANDAR
601,ANDAW
602,ANDE
603,ANDR
604,ANEB
605,ANGI
606,ANGN
607,ANGO
608,ANIK
609,ANIP
610,ANNX
611,ANSU
612,ANVS
613,ANZU
614,ANZUU
615,ANZUW
616,AOF.DE
617,AOMR
618,AONE
619,AOS
620,AOSL
621,AOXY
622,AP
623,APA
624,APAM
625,APC.DE
626,APCX
627,APCXW
628,APDN
629,APEI
630,APEN
631,APG
632,APGB
633,APH
634,APHE
635,APLE
636,APLS
637,APLT
638,APMI
639,APMIW
640,APN
641,APO-PA
642,APO-PB
643,APO
644,APOG
645,APP
646,APPH
647,APPN
648,APPS
649,APR
650,APRCP
651,APRDM
652,APRDN
653,APRDP
654,APRE
655,APRN
656,APSG-UN
657,APSG
658,APTM
659,APTS
660,APTX
661,APVO
662,APXT
663,APXTU
664,APXTW
665,APYX
666,AQB
667,AQMS
668,AQSP
669,AQST
670,AQUA
671,AR
672,ARAO
673,ARAV
674,ARAY
675,ARBGU
676,ARC
677,ARCC
678,ARCT
679,ARDS
680,ARDX
681,AREB
682,AREC
683,ARES-PA
684,ARES
685,ARGC
686,ARGU
687,ARGUU
688,ARI
689,ARIS
690,ARKO
691,ARKR
692,ARL
693,ARLO
694,ARLP
695,ARMK
696,ARMP
697,ARNC
698,AROC
699,AROW
700,ARQT
701,ARR-PC
702,ARR
703,ARRW
704,ARRWU
705,ARRWW
706,ARRY
707,ARTE
708,ARTEU
709,ARTH
710,ARTL
711,ARTLW
712,ARTNA
713,ARTNB
714,ARTW
715,ARVN
716,ARWR
717,ARYD
718,ARYE
719,ASAQ
720,ASAX
721,ASAXU
722,ASAXW
723,ASB
724,ASCK
725,ASDN
726,ASFT
727,ASIX
728,ASL.DE
729,ASLE
730,ASLEW
731,ASM.AS
732,ASMB
733,ASME.DE
734,ASML.AS
735,ASNB
736,ASPA
737,ASPC
738,ASPCU
739,ASPCW
740,ASPN
741,ASRT
742,ASRV
743,ASRVP
744,ASSF
745,ASTC
746,ASTE
747,ASTI
748,ASTR
749,ASTS
750,ASTSW
751,ASUR
752,ASX
753,ASXC
754,ASYS
755,ASZ-UN
756,ASZ
757,ATA-UN
758,ATA
759,ATAI
760,ATAO
761,ATAX
762,ATC
763,ATCC
764,ATCX
765,ATDS
766,ATEC
767,ATEK
768,ATEN
769,ATER
770,ATEX
771,ATGE
772,ATHA
773,ATHX
774,ATI
775,ATIP
776,ATLC
777,ATLCP
778,ATLO
779,ATMR
780,ATMS
781,ATNF
782,ATNI
783,ATNM
784,ATNX
785,ATOM
786,ATOS
787,ATRA
788,ATRC
789,ATRO
790,ATROB
791,ATRS
792,ATRX
793,ATSG
794,ATSPT
795,ATSPU
796,ATSPW
797,ATUS
798,ATVC
799,ATVCU
800,ATVCW
801,ATXI
802,ATXS
803,ATYG
804,AUB
805,AUBAP
806,AUBN
807,AUD
808,AUGX
809,AUID
810,AUMN
811,AUOTY
812,AUR
813,AURA
814,AURC
815,AURCU
816,AURCW
817,AUROW
818,AUS-UN
819,AUS
820,AUSI
821,AUTL
822,AUTO
823,AUUD
824,AUUDW
825,AUVI
826,AUVIP
827,AVA
828,AVAC
829,AVACU
830,AVAH
831,AVCO
832,AVCT
833,AVCTW
834,AVD
835,AVDX
836,AVEO
837,AVGR
838,AVHHL
839,AVHI
840,AVHIU
841,AVID
842,AVIR
843,AVNI
844,AVNS
845,AVNT
846,AVNW
847,AVOI
848,AVPT
849,AVRO
850,AVT
851,AVTE
852,AVTR
853,AVTX
854,AVXL
855,AVYA
856,AWC.DE
857,AWH
858,AWM.DE
859,AWRE
860,AWX
861,AX
862,AXAS
863,AXDX
864,AXGN
865,AXH
866,AXIM
867,AXL
868,AXLA
869,AXNX
870,AXSM
871,AXTA
872,AXTI
873,AY
874,AYLA
875,AYRWF
876,AYTU
877,AYX
878,AZEK
879,AZN
880,AZN.L
881,AZRX
882,AZYO
883,AZZ
884,B
885,BABB
886,BAC-PB
887,BAC-PK
888,BAC-PL
889,BAC-PM
890,BAC-PN
891,BAC-PO
892,BAC-PP
893,BAC
894,BAFN
895,BALY
896,BANC
897,BAND
898,BANF
899,BANFP
900,BANR
901,BANT
902,BANX
903,BARC.L
904,BARK
905,BASA
906,BASX
907,BATL
908,BATRA
909,BATRB
910,BATRK
911,BBBT
912,BBBY
913,BBDC
914,BBGI
915,BBI
916,BBIG
917,BBIO
918,BBLG
919,BBLGW
920,BBQ
921,BBSI
922,BBXIB
923,BCAB
924,BCAC
925,BCACU
926,BCACW
927,BCBP
928,BCC
929,BCDA
930,BCDAW
931,BCEI
932,BCEL
933,BCLI
934,BCML
935,BCO
936,BCO.DE
937,BCOR
938,BCOV
939,BCOW
940,BCRD
941,BCRX
942,BCS
943,BCSF
944,BCYC
945,BCYP
946,BCYPU
947,BCYPW
948,BDC
949,BDCO
950,BDIC
951,BDL
952,BDN
953,BDPT
954,BDR
955,BDSI
956,BDSX
957,BDTX
958,BDXB
959,BE
960,BEAM
961,BEAT
962,BEBE
963,BECN
964,BEEM
965,BEGI
966,BELFA
967,BELFB
968,BEN
969,BENE
970,BENEU
971,BENH
972,BEPC
973,BERY
974,BESI.AS
975,BFC
976,BFI
977,BFIN
978,BFLY
979,BFNH
980,BFRA
981,BFRI
982,BFS-PE
983,BFS
984,BFST
985,BFYW
986,BGCP
987,BGEO.L
988,BGEPF
989,BGFV
990,BGRY
991,BGS
992,BGSF
993,BGSX
994,BHAC
995,BHACU
996,BHACW
997,BHB
998,BHE
999,BHF
1000,BHFAN
1001,BHFAO
1002,BHFAP
1003,BHG
1004,BHIL
1005,BHLB
1006,BHR-PD
1007,BHR
1008,BHSE
1009,BHSEU
1010,BHTG
1011,BICX
1012,BIGC
1013,BIOC
1014,BIOL
1015,BIOT
1016,BIOTU
1017,BIOTW
1018,BIPC
1019,BIRD
1020,BIVI
1021,BIXT
1022,BJDX
1023,BJRI
1024,BK
1025,BKCC
1026,BKD
1027,BKEP
1028,BKEPP
1029,BKGM
1030,BKH
1031,BKI
1032,BKR
1033,BKSC
1034,BKSY
1035,BKTI
1036,BKU
1037,BKYI
1038,BLAB
1039,BLBD
1040,BLBX
1041,BLCM
1042,BLDE
1043,BLDEW
1044,BLDR
1045,BLFS
1046,BLFY
1047,BLGO
1048,BLI
1049,BLIN
1050,BLKB
1051,BLMN
1052,BLMS
1053,BLNC
1054,BLND
1055,BLNG
1056,BLNGU
1057,BLNK
1058,BLNKW
1059,BLPG
1060,BLPH
1061,BLQA.DE
1062,BLSA
1063,BLTSU
1064,BLTSW
1065,BLUW
1066,BLUWU
1067,BLUWW
1068,BLZE
1069,BMAQU
1070,BMBL
1071,BMEA
1072,BML-PG
1073,BML-PH
1074,BML-PJ
1075,BMNM
1076,BMRA
1077,BMRC
1078,BMTC
1079,BMTX
1080,BMW.DE
1081,BMW3.DE
1082,BMY
1083,BNET
1084,BNFT
1085,BNGO
1086,BNGOW
1087,BNIXU
1088,BNL
1089,BNNR
1090,BNNRU
1091,BOAC-UN
1092,BOAC
1093,BOCH
1094,BODY
1095,BOE.L
1096,BOH-PA
1097,BOKFL
1098,BOLT
1099,BOMH
1100,BOMN
1101,BOOM
1102,BOTH
1103,BOTJ
1104,BOTY
1105,BOWX
1106,BOWXU
1107,BOXD
1108,BOXL
1109,BOXS
1110,BP
1111,BP.L
1112,BPET.L
1113,BPFH
1114,BPMC
1115,BPMP
1116,BPRN
1117,BPSR
1118,BPT
1119,BPT.L
1120,BPTH
1121,BPYU
1122,BPYUP
1123,BQST
1124,BRBR
1125,BRBS
1126,BRDG
1127,BRDS
1128,BRFH
1129,BRG
1130,BRGO
1131,BRIV
1132,BRIVU
1133,BRKL
1134,BRKR
1135,BRKS
1136,BRLIR
1137,BRLIW
1138,BRLT
1139,BRMK
1140,BRN
1141,BRO
1142,BROS
1143,BRP
1144,BRPM
1145,BRPMU
1146,BRSF
1147,BRSP
1148,BRST
1149,BRT
1150,BRTX
1151,BRVO
1152,BRX
1153,BRY
1154,BRYN.DE
1155,BSA
1156,BSBK
1157,BSET
1158,BSFC
1159,BSGM
1160,BSIG
1161,BSKY
1162,BSKYU
1163,BSL.DE
1164,BSM
1165,BSN-UN
1166,BSN
1167,BSPK
1168,BSQR
1169,BSRR
1170,BSTG
1171,BSVN
1172,BSX-PA
1173,BSX
1174,BSY
1175,BTAI
1176,BTBD
1177,BTCS
1178,BTCY
1179,BTDG
1180,BTHE
1181,BTIM
1182,BTN
1183,BTRS
1184,BTTR
1185,BTTX
1186,BTU
1187,BTX
1188,BUDZ
1189,BUSE
1190,BV
1191,BVH
1192,BVHBB
1193,BVS
1194,BW-PA
1195,BW
1196,BWA
1197,BWACU
1198,BWB
1199,BWEN
1200,BWFG
1201,BWL-A
1202,BWMG
1203,BWMN
1204,BWMY
1205,BWXT
1206,BXC
1207,BXMT
1208,BXRX
1209,BXS
1210,BXSL
1211,BY
1212,BYD
1213,BYFC
1214,BYND
1215,BYOC
1216,BYRN
1217,BYSI
1218,BYTS
1219,BYTSU
1220,BYTSW
1221,BZH
1222,BZYR
1223,C-PK
1224,C
1225,C9F.DE
1226,CABA
1227,CAC
1228,CADE
1229,CADL
1230,CAG
1231,CAH
1232,CAHC
1233,CAHCW
1234,CAI
1235,CAKE
1236,CALA
1237,CALB
1238,CALM
1239,CALX
1240,CAMP
1241,CANB
1242,CANN
1243,CANO
1244,CAPC
1245,CAPL
1246,CAPR
1247,CARA
1248,CARE
1249,CARG
1250,CARR
1251,CARS
1252,CARV
1253,CAS
1254,CASA
1255,Cash
1256,CASI
1257,CASS
1258,CAT1.DE
1259,CATM
1260,CATO
1261,CATR.PA
1262,CATY
1263,CBAH
1264,CBAN
1265,CBAY
1266,CBB
1267,CBDS
1268,CBFV
1269,CBIO
1270,CBKM
1271,CBL
1272,CBLEQ
1273,CBLI
1274,CBMB
1275,CBNK
1276,CBNT
1277,CBRG
1278,CBSH
1279,CBT
1280,CBTX
1281,CBU
1282,CBZ
1283,CC
1284,CCAI
1285,CCAIU
1286,CCAP
1287,CCB
1288,CCBG
1289,CCCC
1290,CCCS
1291,CCEL
1292,CCIV
1293,CCLP
1294,CCNE
1295,CCNEP
1296,CCO
1297,CCOI
1298,CCRN
1299,CCS
1300,CCSI
1301,CCTC
1302,CCTS
1303,CCV-UN
1304,CCV
1305,CCXI
1306,CCZ
1307,CDAK
1308,CDAQ
1309,CDAQU
1310,CDE
1311,CDEV
1312,CDJM
1313,CDK
1314,CDLX
1315,CDNA
1316,CDR-PB
1317,CDR-PC
1318,CDR
1319,CDRE
1320,CDS.DE
1321,CDTX
1322,CDXC
1323,CDXI
1324,CDXS
1325,CDZI
1326,CDZIP
1327,CECE
1328,CEIX
1329,CELC
1330,CELH
1331,CELP
1332,CELU
1333,CELUW
1334,CELZ
1335,CEMI
1336,CENH
1337,CENHW
1338,CENQ
1339,CENQU
1340,CENQW
1341,CENT
1342,CENTA
1343,CENX
1344,CEQP-P
1345,CEQP
1346,CERE
1347,CERS
1348,CERT
1349,CETX
1350,CETXP
1351,CETXW
1352,CETY
1353,CEVA
1354,CF
1355,CFACU
1356,CFB
1357,CFBK
1358,CFFE
1359,CFFEU
1360,CFFEW
1361,CFFI
1362,CFFN
1363,CFFVW
1364,CFG-PE
1365,CFG
1366,CFIV
1367,CFIVW
1368,CFLT
1369,CFMS
1370,CFNB
1371,CFR-PB
1372,CFRX
1373,CFSB
1374,CFVIU
1375,CFVIW
1376,CFX
1377,CG
1378,CGBD
1379,CGEM
1380,CGLO
1381,CGN.DE
1382,CGNT
1383,CGNX
1384,CGRN
1385,CGTX
1386,CH1A.DE
1387,CHCI
1388,CHCT
1389,CHEF
1390,CHFW-UN
1391,CHGG
1392,CHGI
1393,CHK
1394,CHKEL
1395,CHKEW
1396,CHKEZ
1397,CHKR
1398,CHMA
1399,CHMG
1400,CHMI-PA
1401,CHMI-PB
1402,CHMI
1403,CHNG
1404,CHNGU
1405,CHPM
1406,CHPMU
1407,CHPMW
1408,CHRA
1409,CHRS
1410,CHSCL
1411,CHSCM
1412,CHSCN
1413,CHSCO
1414,CHSCP
1415,CHT
1416,CHTH
1417,CHUC
1418,CHUY
1419,CHV.DE
1420,CHX
1421,CIA
1422,CIDM
1423,CIFR
1424,CIIG
1425,CIIGU
1426,CIM-PA
1427,CIM-PB
1428,CIM-PD
1429,CIM
1430,CINR
1431,CINV
1432,CIO-PA
1433,CIR
1434,CIRX
1435,CISO
1436,CIT-PB
1437,CIT
1438,CIVB
1439,CIVI
1440,CIX
1441,CIZN
1442,CKPT
1443,CKX
1444,CLAR
1445,CLAS-UN
1446,CLAS
1447,CLAY
1448,CLAYW
1449,CLB
1450,CLBK
1451,CLBR
1452,CLBS
1453,CLCN
1454,CLCS
1455,CLDB
1456,CLDR
1457,CLDT-PA
1458,CLDT
1459,CLDX
1460,CLF
1461,CLFD
1462,CLI
1463,CLII
1464,CLIM-UN
1465,CLIR
1466,CLLS
1467,CLMT
1468,CLNC
1469,CLNE
1470,CLNH
1471,CLNN
1472,CLNY
1473,CLOE
1474,CLOEU
1475,CLOK
1476,CLOQ
1477,CLOV
1478,CLOW
1479,CLPR
1480,CLPT
1481,CLR
1482,CLRB
1483,CLRI
1484,CLRM
1485,CLRMU
1486,CLRMW
1487,CLRO
1488,CLSD
1489,CLSEL.NS
1490,CLSH
1491,CLSK
1492,CLSN
1493,CLST
1494,CLTS
1495,CLVR
1496,CLVRW
1497,CLVT-PA
1498,CLVT
1499,CLW
1500,CLWD
1501,CLXT
1502,CMAX
1503,CMBM
1504,CMC.DE
1505,CMCO
1506,CMCSA
1507,CMCT
1508,CMCTP
1509,CMGO
1510,CMIIU
1511,CMLF
1512,CMLFU
1513,CMLS
1514,CMLTU
1515,CMO
1516,CMP
1517,CMPI
1518,CMPS
1519,CMPX
1520,CMRX
1521,CMS-PC
1522,CMS
1523,CMSD
1524,CMT
1525,CMTG
1526,CMTV
1527,CMXC
1528,CNA
1529,CNBKA
1530,CNBX
1531,CNCE
1532,CNCG
1533,CND-UN
1534,CND
1535,CNDT
1536,CNFN
1537,CNFR
1538,CNGL
1539,CNGLW
1540,CNIC.L
1541,CNIG
1542,CNIGO
1543,CNIGP
1544,CNK
1545,CNLHN
1546,CNLPM
1547,CNLTL
1548,CNLTN
1549,CNNB
1550,CNNC
1551,CNNE
1552,CNO
1553,CNOB
1554,CNOBP
1555,CNP-PB
1556,CNP
1557,CNR
1558,CNSL
1559,CNSP
1560,CNST
1561,CNTG
1562,CNTHO
1563,CNTHP
1564,CNTQ
1565,CNTQU
1566,CNTX
1567,CNTY
1568,CNVY
1569,CNX
1570,CNXN
1571,COCO
1572,COCP
1573,CODI-PA
1574,CODI-PB
1575,CODI-PC
1576,CODI
1577,CODX
1578,COEP
1579,COF-PI
1580,COFS
1581,COG
1582,COGT
1583,COHN
1584,COHU
1585,COLB
1586,COLD
1587,COLI
1588,COLIU
1589,COLL
1590,COMM
1591,COMP
1592,COMS
1593,COMSW
1594,CON.DE
1595,CONC
1596,CONX
1597,CONXU
1598,COOK
1599,COOL
1600,COOLU
1601,COOLW
1602,COOP
1603,CORR-PA
1604,CORR
1605,CORT
1606,COSG
1607,COSM
1608,COTY
1609,COUR
1610,COVA
1611,COVAW
1612,COWN
1613,COWNL
1614,CPAA
1615,CPAAU
1616,CPAAW
1617,CPARU
1618,CPE
1619,CPF
1620,CPHC
1621,CPIX
1622,CPLG
1623,CPNG
1624,CPRI
1625,CPRX
1626,CPS
1627,CPSH
1628,CPSI
1629,CPSR-UN
1630,CPSS
1631,CPTA
1632,CPTAG
1633,CPTAL
1634,CPTP
1635,CPUH
1636,CPWR
1637,CQCQ
1638,CQD.DE
1639,CQP
1640,CRAWA
1641,CRBP
1642,CRBU
1643,CRC
1644,CRCQW
1645,CRCT
1646,CRCW
1647,CRD-A
1648,CRD-B
1649,CRDF
1650,CREE
1651,CREX
1652,CREXW
1653,CRHC-UN
1654,CRHC
1655,CRIS
1656,CRK
1657,CRKN
1658,CRLBF
1659,CRMD
1660,CRMZ
1661,CRNC
1662,CRNX
1663,CRS
1664,CRSA
1665,CRSAU
1666,CRSAW
1667,CRSR
1668,CRT
1669,CRTD
1670,CRTG
1671,CRTO
1672,CRTX
1673,CRU-UN
1674,CRU
1675,CRVS
1676,CRVW
1677,CRWE
1678,CRWS
1679,CRXT
1680,CRY
1681,CRYO
1682,CRZN
1683,CRZNU
1684,CRZNW
1685,CSBB
1686,CSGP
1687,CSGS
1688,CSII
1689,CSLT
1690,CSOD
1691,CSPI
1692,CSPR
1693,CSR-PC
1694,CSSE
1695,CSSEN
1696,CSSEP
1697,CSTL
1698,CSTM
1699,CSTR
1700,CSU
1701,CSV
1702,CSVI
1703,CSWC
1704,CSX
1705,CTA-PA
1706,CTAC-UN
1707,CTAC
1708,CTAQ
1709,CTAQU
1710,CTAQW
1711,CTBI
1712,CTEK
1713,CTG
1714,CTGO
1715,CTHR
1716,CTIB
1717,CTIC
1718,CTKB
1719,CTLP
1720,CTMX
1721,CTO-PA
1722,CTO
1723,CTOS
1724,CTRA
1725,CTRE
1726,CTS
1727,CTSO
1728,CTT
1729,CTV
1730,CTVA
1731,CTX.DE
1732,CTXR
1733,CTXRW
1734,CUBB
1735,CUBE
1736,CUE
1737,CUEN
1738,CUII
1739,CURI
1740,CURLF
1741,CURO
1742,CURR
1743,CUTR
1744,CUZ
1745,CVA
1746,CVAT
1747,CVBF
1748,CVCY
1749,CVEO
1750,CVET
1751,CVGI
1752,CVI
1753,CVII
1754,CVLG
1755,CVLT
1756,CVLY
1757,CVM
1758,CVR
1759,CVRX
1760,CVS.DE
1761,CVSI
1762,CVT
1763,CVU
1764,CVV
1765,CWAN
1766,CWBC
1767,CWBR
1768,CWC.DE
1769,CWEN-A
1770,CWEN
1771,CWGL
1772,CWGRP
1773,CWH
1774,CWK
1775,CWRK
1776,CWST
1777,CWT
1778,CXDO
1779,CXM
1780,CXP
1781,CXU.DE
1782,CXW
1783,CYAN
1784,CYBE
1785,CYCA
1786,CYCC
1787,CYCCP
1788,CYCN
1789,CYDY
1790,CYH
1791,CYN
1792,CYRX
1793,CYT
1794,CYTH
1795,CYTK
1796,CYTR
1797,CYXT
1798,CZFS
1799,CZNC
1800,CZNI
1801,CZOO
1802,CZR
1803,CZWI
1804,D6H.DE
1805,DAIO
1806,DAL
1807,DALN
1808,DALS
1809,DAN
1810,DAOO
1811,DAP.DE
1812,DAR
1813,DATS
1814,DATSW
1815,DAWN
1816,DB
1817,DBD
1818,DBDR
1819,DBDRU
1820,DBGI
1821,DBGIW
1822,DBMM
1823,DBRG-PH
1824,DBRG-PI
1825,DBRG
1826,DBRM
1827,DBTX
1828,DBVT
1829,DBX
1830,DCAC
1831,DCLT
1832,DCO
1833,DCOM
1834,DCOMP
1835,DCP
1836,DCPH
1837,DCRBU
1838,DCRC
1839,DCRCU
1840,DCRCW
1841,DCRD
1842,DCRDU
1843,DCRDW
1844,DCRN
1845,DCRNU
1846,DCRNW
1847,DCT
1848,DCTH
1849,DDD
1850,DDI
1851,DEA
1852,DEI
1853,DEN
1854,DENN
1855,DENR
1856,DERM
1857,DFCO
1858,DFFN
1859,DFH
1860,DFIN
1861,DFPH
1862,DFPHU
1863,DFPHW
1864,DGICA
1865,DGICB
1866,DGII
1867,DGLY
1868,DGNS
1869,DGNU
1870,DGWR
1871,DH
1872,DHBC
1873,DHBCU
1874,DHBCW
1875,DHC
1876,DHCA
1877,DHCAU
1878,DHCAW
1879,DHCC
1880,DHCNI
1881,DHCNL
1882,DHHC
1883,DHHCU
1884,DHHCW
1885,DHR-PA
1886,DHX
1887,DIBS
1888,DIGP
1889,DIM.PA
1890,DIN
1891,DISA
1892,DISAU
1893,DISAW
1894,DISCA
1895,DISCB
1896,DISCK
1897,DISH
1898,DK
1899,DKDCA
1900,DKDCW
1901,DKL
1902,DKMR
1903,DKNG
1904,DLA
1905,DLCA
1906,DLCAU
1907,DLCAW
1908,DLCR
1909,DLHC
1910,DLOC
1911,DLPN
1912,DLR-PL
1913,DLTI
1914,DLX
1915,DLYT
1916,DM
1917,DMAC
1918,DMAQ
1919,DMLP
1920,DMRC
1921,DMS
1922,DMTK
1923,DMYI-UN
1924,DMYI
1925,DMYS
1926,DNA
1927,DNAY
1928,DNB
1929,DNLI
1930,DNMR
1931,DNOW
1932,DNUT
1933,DOC
1934,DOCN
1935,DOCS
1936,DOMA
1937,DOW
1938,DOX
1939,DPCSU
1940,DPCSW
1941,DPDW
1942,DPLS
1943,DPSIP
1944,DPW
1945,DPWW
1946,DRAY
1947,DRE
1948,DREM
1949,DRH-PA
1950,DRH
1951,DRMA
1952,DRNA
1953,DRQ
1954,DRRX
1955,DRVN
1956,DS-PB
1957,DS-PC
1958,DS
1959,DSAQ
1960,DSEY
1961,DSGN
1962,DSKE
1963,DSKEW
1964,DSP
1965,DSPG
1966,DSS
1967,DSSI
1968,DT
1969,DTC
1970,DTIL
1971,DTLA-P
1972,DTM
1973,DTOC
1974,DTOCU
1975,DTP
1976,DTRC
1977,DTRT
1978,DTRTU
1979,DTRTW
1980,DTST
1981,DTSTW
1982,DUK-PA
1983,DUL.DE
1984,DUNE
1985,DUNEU
1986,DUNEW
1987,DUOT
1988,DUUO
1989,DV
1990,DVAX
1991,DVAXW
1992,DVCR
1993,DVD
1994,DVN
1995,DWD.DE
1996,DWIN-UN
1997,DWIN
1998,DWSN
1999,DX-PC
2000,DX
2001,DXC
2002,DXPE
2003,DXYN
2004,DYAI
2005,DYN
2006,DYNR
2007,DYNS
2008,DYNT
2009,DZSI
2010,E3X1.DE
2011,EAC
2012,EACO
2013,EACPU
2014,EACPW
2015,EAF
2016,EAR
2017,EARN
2018,EAST
2019,EAT
2020,EAWD
2021,EB
2022,EBAC
2023,EBACU
2024,EBACW
2025,EBAY
2026,EBC
2027,EBET
2028,EBF
2029,EBIX
2030,EBMT
2031,EBS
2032,EBSB
2033,EBTC
2034,ECHO
2035,ECIA
2036,ECOL
2037,ECOLW
2038,ECOM
2039,ECOR
2040,ECPG
2041,ECTM
2042,ECVT
2043,EDAP
2044,EDIT
2045,EDNC
2046,EDNCU
2047,EDR
2048,EDTX
2049,EDTXU
2050,EDTXW
2051,EDUC
2052,EEX
2053,EFC-PA
2054,EFC
2055,EFOI
2056,EFSC
2057,EFSH
2058,EFSI
2059,EFTR
2060,EGAN
2061,EGBN
2062,EGHT
2063,EGLE
2064,EGRX
2065,EGY
2066,EHC
2067,EHTH
2068,EIG
2069,EIGR
2070,EIN3.DE
2071,EIX
2072,EJFA
2073,EJFAW
2074,EKSO
2075,ELA
2076,ELAN
2077,ELAT
2078,ELDN
2079,ELEV
2080,ELF
2081,ELMD
2082,ELMS
2083,ELOX
2084,ELS
2085,ELSE
2086,ELST
2087,ELTP
2088,ELVG
2089,ELVT
2090,ELY
2091,ELYM
2092,EMAN
2093,EMAX
2094,EMCF
2095,EMED
2096,EMKR
2097,EML
2098,EMMA
2099,EMMAW
2100,EMPR
2101,EMPW
2102,EMYB
2103,ENBL
2104,ENBP
2105,ENDV
2106,ENFA
2107,ENFAU
2108,ENFAW
2109,ENG
2110,ENLC
2111,ENNV
2112,ENNVU
2113,ENNVW
2114,ENOB
2115,ENPC-UN
2116,ENPC
2117,ENR
2118,ENS
2119,ENSC
2120,ENSG
2121,ENSV
2122,ENTA
2123,ENTF
2124,ENTFU
2125,ENV
2126,ENVA
2127,ENVB
2128,ENVI
2129,ENVIU
2130,ENVIW
2131,ENVX
2132,ENX.PA
2133,ENZN
2134,EOLS
2135,EOSE
2136,EOSS
2137,EPAY
2138,EPC
2139,EPD
2140,EPGG
2141,EPHY
2142,EPHYU
2143,EPHYW
2144,EPM
2145,EPR-PC
2146,EPR
2147,EPRT
2148,EPSN
2149,EPZM
2150,EQ
2151,EQBK
2152,EQC-PD
2153,EQC
2154,EQD-UN
2155,EQD
2156,EQFN
2157,EQH-PA
2158,EQH
2159,EQHA
2160,EQS
2161,EQT
2162,EQUR
2163,ERAS
2164,ERES
2165,ERESU
2166,ERII
2167,ERKH
2168,ERT.DE
2169,ERYP
2170,ESAC
2171,ESBA
2172,ESCA
2173,ESI
2174,ESM-UN
2175,ESMC
2176,ESMT
2177,ESOA
2178,ESP
2179,ESPR
2180,ESQ
2181,ESRT
2182,ESSA
2183,ESSCR
2184,ESSCU
2185,ESSCW
2186,ESTE
2187,ESXB
2188,ET-PC
2189,ET-PD
2190,ET
2191,ETACU
2192,ETCK
2193,ETD
2194,ETH
2195,ETHE
2196,ETNB
2197,ETON
2198,ETRN
2199,ETTX
2200,ETWO
2201,ETY.DE
2202,EUCR
2203,EUCRU
2204,EUSG
2205,EUSGU
2206,EUSGW
2207,EUZ.DE
2208,EVA
2209,EVBG
2210,EVBN
2211,EVC
2212,EVCM
2213,EVER
2214,EVFM
2215,EVGO
2216,EVH
2217,EVI
2218,EVLO
2219,EVLV
2220,EVOJ
2221,EVOJU
2222,EVOJW
2223,EVOK
2224,EVOL
2225,EVOP
2226,EVRG
2227,EVRI
2228,EVTN
2229,EW1.DE
2230,EWCZ
2231,EWLL
2232,EWLU
2233,EWST
2234,EWTX
2235,EXAS
2236,EXC
2237,EXDI
2238,EXEL
2239,EXEO
2240,EXFY
2241,EXPI
2242,EXTN
2243,EXTR
2244,EYE
2245,EYEG
2246,EYEN
2247,EYES
2248,EYESW
2249,EYPT
2250,EZFL
2251,EZPW
2252,F
2253,FA
2254,FAF
2255,FAII-UN
2256,FAII
2257,FALC
2258,FARM
2259,FARO
2260,FAST
2261,FAT
2262,FATBB
2263,FATBP
2264,FATBW
2265,FATE
2266,FB2A.DE
2267,FBC
2268,FBIO
2269,FBIOP
2270,FBIZ
2271,FBK
2272,FBMS
2273,FBNC
2274,FBRT
2275,FBRX
2276,FC
2277,FCAC
2278,FCACU
2279,FCAP
2280,FCBC
2281,FCBP
2282,FCCN
2283,FCCO
2284,FCCY
2285,FCF
2286,FCFS
2287,FCIC
2288,FCNCB
2289,FCNCO
2290,FCNCP
2291,FCPT
2292,FCRD
2293,FCRW
2294,FCRZ
2295,FCUV
2296,FCX
2297,FDBC
2298,FDBL
2299,FDCT
2300,FDMT
2301,FDP
2302,FDUS
2303,FDUSG
2304,FDUSZ
2305,FE
2306,FENC
2307,FET
2308,FEXD
2309,FEXDW
2310,FEYE
2311,FF
2312,FFBC
2313,FFBW
2314,FFIC
2315,FFIN
2316,FFLO
2317,FFNTF
2318,FFNW
2319,FFV.DE
2320,FFWM
2321,FGBI
2322,FGBIP
2323,FGCO
2324,FGEN
2325,FGF
2326,FGFPP
2327,FGNA
2328,FGNV
2329,FHB
2330,FHI
2331,FHLT
2332,FHN-PE
2333,FHN-PF
2334,FHN
2335,FHTX
2336,FIAC
2337,FIBK
2338,FICVU
2339,FIFG
2340,FIGS
2341,FINM
2342,FINMU
2343,FINMW
2344,FINW
2345,FISI
2346,FISK
2347,FITBI
2348,FITBP
2349,FIV.DE
2350,FIXX
2351,FKWL
2352,FKYS
2353,FLAC
2354,FLACU
2355,FLDM
2356,FLES
2357,FLGT
2358,FLIC
2359,FLL
2360,FLMN
2361,FLMNW
2362,FLNC
2363,FLNT
2364,FLO
2365,FLR
2366,FLS
2367,FLUX
2368,FLWS
2369,FLXN
2370,FLXS
2371,FLXT
2372,FLYW
2373,FMAC-UN
2374,FMAC
2375,FMAO
2376,FMBH
2377,FMBI
2378,FMBIO
2379,FMBIP
2380,FMBM
2381,FMCB
2382,FMCC
2383,FMCCG
2384,FMCCH
2385,FMCCI
2386,FMCCM
2387,FMCCN
2388,FMCCP
2389,FMCCS
2390,FMCCT
2391,FMCKJ
2392,FMCKL
2393,FMCKN
2394,FMCKO
2395,FMFG
2396,FMIV
2397,FMIVU
2398,FMNB
2399,FMS
2400,FMTX
2401,FNA
2402,FNAM
2403,FNB-PE
2404,FNB
2405,FNCB
2406,FNCH
2407,FNF
2408,FNGR
2409,FNHC
2410,FNKO
2411,FNLC
2412,FNMA
2413,FNMAH
2414,FNMAK
2415,FNMAM
2416,FNMAN
2417,FNMAO
2418,FNMAP
2419,FNMAS
2420,FNMAT
2421,FNMFM
2422,FNMFN
2423,FNMFO
2424,FNRN
2425,FNWB
2426,FOA
2427,FOCS
2428,FOE
2429,FOLD
2430,FOMC
2431,FONR
2432,FOR
2433,FORA
2434,FORD
2435,FORE
2436,FOREU
2437,FOREW
2438,FORG
2439,FORM
2440,FORR
2441,FOSL
2442,FOUN
2443,FOUNU
2444,FOUR
2445,FOX
2446,FOXA
2447,FOXW
2448,FOXWU
2449,FPAC-UN
2450,FPAC
2451,FPAY
2452,FPH
2453,FPI
2454,FPVD
2455,FR
2456,FRAF
2457,FRBA
2458,FRBK
2459,FRD
2460,FREE
2461,FREEW
2462,FREGP
2463,FREJN
2464,FREQ
2465,FRFR
2466,FRG
2467,FRGAP
2468,FRGI
2469,FRHC
2470,FRLN
2471,FRME
2472,FROG
2473,FRON
2474,FRONU
2475,FRONW
2476,FRPH
2477,FRSG
2478,FRSGU
2479,FRSGW
2480,FRSH
2481,FRST
2482,FRT-PC
2483,FRTA
2484,FRTG
2485,FRW
2486,FRWAU
2487,FRWAW
2488,FRX-UN
2489,FRX
2490,FRZT
2491,FSBC
2492,FSBW
2493,FSEA
2494,FSFG
2495,FSII
2496,FSK
2497,FSKR
2498,FSLY
2499,FSNB
2500,FSP
2501,FSR
2502,FSRX
2503,FSRXU
2504,FSRXW
2505,FSS
2506,FSSI
2507,FSSIW
2508,FSSN
2509,FST-UN
2510,FST
2511,FSTJ
2512,FSTR
2513,FSTX
2514,FTAA
2515,FTAAU
2516,FTAAW
2517,FTAI-PB
2518,FTAI
2519,FTCH
2520,FTCI
2521,FTCO
2522,FTCV
2523,FTCVU
2524,FTCVW
2525,FTDR
2526,FTEK
2527,FTEV
2528,FTHM
2529,FTI
2530,FTIV
2531,FTIVU
2532,FTK
2533,FTLF
2534,FTPA
2535,FTPAU
2536,FTPAW
2537,FTSI
2538,FTV-PA
2539,FTV
2540,FTVI
2541,FTVIU
2542,FTVIW
2543,FUBO
2544,FULC
2545,FULO
2546,FULT
2547,FULTP
2548,FUN
2549,FUNC
2550,FUSB
2551,FUSE-UN
2552,FUSE
2553,FUST
2554,FUV
2555,FVAM
2556,FVCB
2557,FVE
2558,FVT-UN
2559,FVT
2560,FWAA
2561,FWAC
2562,FWAV
2563,FWONA
2564,FWONB
2565,FWONK
2566,FWRG
2567,FXCO
2568,FXCOW
2569,FXLV
2570,FXNC
2571,FYBR
2572,FZMD
2573,GABC
2574,GACQ
2575,GAHC
2576,GAIA
2577,GAIN
2578,GAINL
2579,GAINM
2580,GAINN
2581,GALT
2582,GAMCU
2583,GAN
2584,GANX
2585,GATE
2586,GATEU
2587,GATEW
2588,GATO
2589,GAXY
2590,GBCI
2591,GBCS
2592,GBDC
2593,GBIO
2594,GBL
2595,GBLIL
2596,GBLX
2597,GBNY
2598,GBOX
2599,GBR
2600,GBS
2601,GBT
2602,GBTC
2603,GBX
2604,GCAC
2605,GCACU
2606,GCACW
2607,GCAN
2608,GCBC
2609,GCEH
2610,GCI
2611,GCMG
2612,GCP
2613,GDDY
2614,GDEN
2615,GDNSF
2616,GDOT
2617,GDP
2618,GDRX
2619,GDRZF
2620,GDSI
2621,GDX.DE
2622,GDYN
2623,GDYNW
2624,GE.SW
2625,GEC.L
2626,GECC
2627,GECCL
2628,GECCM
2629,GECCN
2630,GEG
2631,GEL
2632,GENC
2633,GENH
2634,GEO
2635,GEOS
2636,GERN
2637,GEVO
2638,GFED
2639,GFF
2640,GFNCP
2641,GFOO
2642,GFX
2643,GGG
2644,GGGV
2645,GGGVR
2646,GGMC
2647,GGMCU
2648,GGMCW
2649,GGPI
2650,GGPIU
2651,GGROU
2652,GH
2653,GHAC
2654,GHACW
2655,GHL
2656,GHLD
2657,GHM
2658,GHMP
2659,GHSI
2660,GHST
2661,GHVI
2662,GHVIU
2663,GIA
2664,GIC
2665,GIFI
2666,GIG
2667,GIGA
2668,GIGGU
2669,GIGGW
2670,GIGM
2671,GIIX
2672,GIIXU
2673,GIIXW
2674,GILD
2675,GIPR
2676,GIPRW
2677,GIWWU
2678,GKIN
2679,GKOS
2680,GKS.DE
2681,GLAD
2682,GLADL
2683,GLAE
2684,GLAQ
2685,GLAQU
2686,GLBE
2687,GLBL
2688,GLBLU
2689,GLBLW
2690,GLBZ
2691,GLDD
2692,GLEE
2693,GLEEU
2694,GLEEW
2695,GLEO
2696,GLGI
2697,GLHA
2698,GLHAU
2699,GLP
2700,GLPI
2701,GLSI
2702,GLSPT
2703,GLSPU
2704,GLSPW
2705,GLT
2706,GLTA
2707,GLUE
2708,GLW
2709,GLXZ
2710,GLYC
2711,GM
2712,GMBLW
2713,GMBT
2714,GMBTU
2715,GMBTW
2716,GMED
2717,GMER
2718,GMGT
2719,GMII
2720,GMIIU
2721,GMIIW
2722,GMPW
2723,GMRE-PA
2724,GMRE
2725,GMTX
2726,GMVP
2727,GNAC
2728,GNACU
2729,GNACW
2730,GNAL
2731,GNBT
2732,GNCA
2733,GNE-PA
2734,GNE
2735,GNE.PA
2736,GNK
2737,GNL-PA
2738,GNL-PB
2739,GNL
2740,GNLN
2741,GNOG
2742,GNPK-UN
2743,GNPX
2744,GNRS
2745,GNRSU
2746,GNRSW
2747,GNSS
2748,GNTX
2749,GNTY
2750,GNUS
2751,GNW
2752,GO
2753,GOAC-UN
2754,GOAC
2755,GOCO
2756,GOED
2757,GOEV
2758,GOGO
2759,GOLF
2760,GOOD
2761,GOODM
2762,GOODN
2763,GORO
2764,GOS.DE
2765,GOSS
2766,GOVX
2767,GPAC
2768,GPACU
2769,GPACW
2770,GPCO
2771,GPCOU
2772,GPFT
2773,GPK
2774,GPMT
2775,GPOR
2776,GPP
2777,GPRE
2778,GPRO
2779,GPX
2780,GRA
2781,GRAMF
2782,GRAY
2783,GRBK
2784,GRC
2785,GREE
2786,GRIL
2787,GRMC
2788,GRNVR
2789,GRNVU
2790,GRNVW
2791,GROW
2792,GRPH
2793,GRPN
2794,GRRB
2795,GRST
2796,GRSVU
2797,GRTS
2798,GRTX
2799,GRUB
2800,GRVI
2801,GRWG
2802,GRYN
2803,GS-PA
2804,GS-PK
2805,GSAH-UN
2806,GSAH
2807,GSAQ
2808,GSAQU
2809,GSAQW
2810,GSAT
2811,GSBC
2812,GSBD
2813,GSEV
2814,GSEVU
2815,GSEVW
2816,GSHN
2817,GSIT
2818,GSK
2819,GSK.L
2820,GSKY
2821,GSL
2822,GSM
2823,GSPE
2824,GSQB
2825,GSTX
2826,GT
2827,GTACU
2828,GTBIF
2829,GTBP
2830,GTCH
2831,GTES
2832,GTHP
2833,GTHR
2834,GTHX
2835,GTII
2836,GTIM
2837,GTLL
2838,GTN-A
2839,GTN
2840,GTPA
2841,GTPAU
2842,GTPAW
2843,GTPB
2844,GTPBU
2845,GTPBW
2846,GTXO
2847,GTY
2848,GTYH
2849,GULTU
2850,GVA
2851,GVCI
2852,GVCIU
2853,GVCIW
2854,GVP
2855,GWB
2856,GWGH
2857,GWH
2858,GWHP
2859,GWII
2860,GWRS
2861,GWSN
2862,GWTI
2863,GXGX
2864,GXGXU
2865,GXGXW
2866,GXII
2867,GXIIU
2868,GXXM
2869,GYRO
2870,GZIC
2871,HA
2872,HAAC
2873,HAACU
2874,HAE
2875,HAFC
2876,HAIN
2877,HAL
2878,HALL
2879,HALO
2880,HARP
2881,HASI
2882,HAYN
2883,HAYW
2884,HBAN
2885,HBANM
2886,HBANN
2887,HBANO
2888,HBANP
2889,HBB
2890,HBCP
2891,HBI
2892,HBIA
2893,HBIO
2894,HBMD
2895,HBNC
2896,HBP
2897,HBT
2898,HBUV
2899,HCAQ
2900,HCAR
2901,HCARU
2902,HCAT
2903,HCC
2904,HCCC
2905,HCCCU
2906,HCCCW
2907,HCCI
2908,HCDI
2909,HCDIP
2910,HCDIZ
2911,HCG
2912,HCHC
2913,HCI
2914,HCIC
2915,HCICU
2916,HCICW
2917,HCII
2918,HCIIU
2919,HCIIW
2920,HCKT
2921,HCMC
2922,HCNE
2923,HCNEU
2924,HCSG
2925,HCTI
2926,HCVI
2927,HCVIU
2928,HCWB
2929,HCYT
2930,HDG.AS
2931,HDSN
2932,HDVY
2933,HE
2934,HEAR
2935,HECCU
2936,HECCW
2937,HEES
2938,HEP
2939,HEPA
2940,HERA
2941,HERAU
2942,HERAW
2943,HESM
2944,HFBL
2945,HFC
2946,HFFG
2947,HFWA
2948,HGBL
2949,HGEN
2950,HGH
2951,HGTXU
2952,HGV
2953,HI
2954,HIG-PG
2955,HIG
2956,HIGA-UN
2957,HIGA
2958,HIII
2959,HIIIU
2960,HIIIW
2961,HIL
2962,HIMS
2963,HIMX
2964,HIPO
2965,HIW
2966,HJLI
2967,HJLIW
2968,HL-PB
2969,HL
2970,HLAG.DE
2971,HLAH
2972,HLAHU
2973,HLBYL
2974,HLIT
2975,HLLY
2976,HLMN
2977,HLTH
2978,HLWD
2979,HLX
2980,HLXA
2981,HLYK
2982,HMCOU
2983,HMG
2984,HMHC
2985,HMN
2986,HMNF
2987,HMPT
2988,HMST
2989,HMTV
2990,HNGR
2991,HNI
2992,HNNA
2993,HNRG
2994,HNST
2995,HOFT
2996,HOFV
2997,HOFVW
2998,HOG
2999,HOL
3000,HOLUU
3001,HOLX
3002,HOMB
3003,HON.L
3004,HONE
3005,HOOD
3006,HOOK
3007,HOPE
3008,HOTH
3009,HOWL
3010,HP
3011,HPK
3012,HPLTU
3013,HPLTW
3014,HPP
3015,HPTO
3016,HPX-UN
3017,HQDA
3018,HQI
3019,HR
3020,HRAA
3021,HRB
3022,HRBR
3023,HRC
3024,HRMY
3025,HROW
3026,HRS.DE
3027,HRT
3028,HRTG
3029,HRTH
3030,HRTX
3031,HRVSF
3032,HRZN
3033,HSAQ
3034,HSBA.L
3035,HSBC
3036,HSC
3037,HSDT
3038,HSIC
3039,HSII
3040,HSON
3041,HST
3042,HSTA
3043,HSTC
3044,HSTI
3045,HSTM
3046,HSTO
3047,HT-PC
3048,HT
3049,HTA
3050,HTAQ
3051,HTBI
3052,HTBK
3053,HTBX
3054,HTGC
3055,HTGM
3056,HTH
3057,HTIA
3058,HTLD
3059,HTLF
3060,HTLFP
3061,HTPA-UN
3062,HTPA
3063,HTZ
3064,HUBG
3065,HUMA
3066,HUN
3067,HURN
3068,HUSA
3069,HVBC
3070,HVT-A
3071,HVT
3072,HWBK
3073,HWC
3074,HWCC
3075,HWCPZ
3076,HWEL
3077,HWIN
3078,HWKE
3079,HWKN
3080,HWM-P
3081,HWM
3082,HXL
3083,HXOH
3084,HY
3085,HY9H.F
3086,HYAC
3087,HYACU
3088,HYACW
3089,HYEX
3090,HYFM
3091,HYLN
3092,HYMC
3093,HYMCL
3094,HYMCW
3095,HYQ.DE
3096,HYRE
3097,HYSR
3098,HYZN
3099,HZAC
3100,HZN
3101,HZO
3102,HZON-UN
3103,HZON
3104,IAA
3105,IAG.L
3106,IAIC
3107,IART
3108,IAS
3109,IBCP
3110,IBEX
3111,IBIO
3112,IBKR
3113,IBM.DE
3114,IBM.L
3115,IBOC
3116,IBRX
3117,IBTX
3118,IC2.DE
3119,ICAD
3120,ICBK
3121,ICCC
3122,ICCH
3123,ICCT
3124,ICD
3125,ICHR
3126,ICMB
3127,ICNB
3128,ICPT
3129,ICVX
3130,ID
3131,IDCC
3132,IDEX
3133,IDN
3134,IDP.DE
3135,IDRA
3136,IDXG
3137,IDYA
3138,IEA
3139,IEAWW
3140,IEP
3141,IESC
3142,IFFT
3143,IFNY
3144,IFRX
3145,IGAC
3146,IGACU
3147,IGC
3148,IGEN
3149,IGMS
3150,IGNY
3151,IGNYU
3152,IGNYW
3153,IGT
3154,IHC
3155,IHRT
3156,IHRTB
3157,IHS
3158,IIAC-UN
3159,IIAC
3160,III
3161,IIIIU
3162,IIIN
3163,IIIV
3164,IIN
3165,IIPR-PA
3166,IIVI
3167,IKNA
3168,IKNX
3169,IKT
3170,ILAL
3171,ILPT
3172,ILU.DE
3173,IMAC
3174,IMACW
3175,IMAQ
3176,IMAQR
3177,IMAQU
3178,IMAQW
3179,IMCI
3180,IMCR
3181,IMGN
3182,IMGO
3183,IMH
3184,IMHC
3185,IMII
3186,IMKTA
3187,IMMR
3188,IMMX
3189,IMNM
3190,IMOS
3191,IMPHP
3192,IMPL
3193,IMRX
3194,IMTH
3195,IMUN
3196,IMUX
3197,IMVT
3198,IMXI
3199,INAB
3200,INAQ
3201,INBK
3202,INBKL
3203,INBKZ
3204,INBP
3205,INBX
3206,INCY
3207,INDI
3208,INDP
3209,INDT
3210,INDV.L
3211,INFI
3212,INFN
3213,INFU
3214,INGN
3215,INIS
3216,INKA
3217,INKAU
3218,INKAW
3219,INKT
3220,INLB
3221,INLX
3222,INMB
3223,INN-PE
3224,INN-PF
3225,INN
3226,INNV
3227,INO
3228,INOD
3229,INOV
3230,INPX
3231,INQD
3232,INRD
3233,INS
3234,INSE
3235,INSG
3236,INSM
3237,INST
3238,INSW
3239,INT
3240,INTA
3241,INTC
3242,INTE
3243,INTG
3244,INTI
3245,INTLCONV.NS
3246,INTT
3247,INTV
3248,INTZ
3249,INUV
3250,INVA
3251,INVE
3252,INVH
3253,INVO
3254,INVU
3255,INZY
3256,IO
3257,IOAC
3258,IOACW
3259,IONM
3260,IONQ
3261,IONS
3262,IOR
3263,IOVA
3264,IP
3265,IPAX
3266,IPAXU
3267,IPDN
3268,IPF.L
3269,IPG
3270,IPI
3271,IPIX
3272,IPLDP
3273,IPOD-UN
3274,IPOD
3275,IPOF
3276,IPSC
3277,IPSI
3278,IPVI
3279,IPVIU
3280,IPW
3281,IPWLK
3282,IPWR
3283,IQMD
3284,IQST
3285,IR
3286,IRBT
3287,IRCC
3288,IRDM
3289,IRIX
3290,IRM
3291,IRMD
3292,IRNS
3293,IRNT
3294,IROQ
3295,IRRX
3296,IRT
3297,IRWD
3298,ISAA
3299,ISBA
3300,ISBC
3301,ISCO
3302,ISDR
3303,ISEE
3304,ISGN
3305,ISIG
3306,ISLE
3307,ISLEW
3308,ISO
3309,ISPC
3310,ISR
3311,ISSC
3312,ISTR
3313,ISUN
3314,ITAC
3315,ITACU
3316,ITCI
3317,ITDN
3318,ITHUF
3319,ITHX
3320,ITHXU
3321,ITHXW
3322,ITI
3323,ITOS
3324,ITOX
3325,ITQ
3326,ITQRU
3327,ITQRW
3328,ITRI
3329,IVA
3330,IVAC
3331,IVAN-UN
3332,IVAN
3333,IVC
3334,IVDA
3335,IVFH
3336,IVR-PA
3337,IVR-PB
3338,IVR-PC
3339,IVR
3340,IVT
3341,IVZ
3342,IWSH
3343,IWSY
3344,IZEA
3345,JAGX
3346,JAKK
3347,JAMF
3348,JAN
3349,JANL
3350,JANX
3351,JAQC
3352,JAQCU
3353,JAQCW
3354,JAX
3355,JBGS
3356,JBLU
3357,JCIC
3358,JCICU
3359,JCICW
3360,JCOM
3361,JCS
3362,JCTCF
3363,JEF
3364,JELD
3365,JHG
3366,JILL
3367,JKSM
3368,JMIA
3369,JMKJ
3370,JMP
3371,JMPNZ
3372,JNCE
3373,JNJ.DE
3374,JNPR
3375,JOB
3376,JOBY
3377,JOE
3378,JOFF
3379,JOFFU
3380,JOFFW
3381,JPM-PC
3382,JPM-PD
3383,JPM-PK
3384,JPM-PL
3385,JRSH
3386,JSDA
3387,JSM
3388,JUGG
3389,JUPW
3390,JUVF
3391,JWSM
3392,JXN
3393,JYAC
3394,JYNT
3395,K
3396,KAHC
3397,KAIIU
3398,KAIIW
3399,KAIR
3400,KAIRU
3401,KAIRW
3402,KALA
3403,KAMN
3404,KANP
3405,KAR
3406,KAYS
3407,KBAL
3408,KBH
3409,KBLB
3410,KBNT
3411,KBPH
3412,KBR
3413,KBRS
3414,KBSR
3415,KBX.DE
3416,KDCE
3417,KDMN
3418,KDNY
3419,KDP
3420,KE
3421,KELYA
3422,KELYB
3423,KERN
3424,KERNW
3425,KEX
3426,KEY-PI
3427,KEY-PJ
3428,KEY-PK
3429,KEY
3430,KFFB
3431,KFRC
3432,KFS
3433,KGKG
3434,KGNR
3435,KGX.DE
3436,KHAICHEM.NS
3437,KHC
3438,KIDS
3439,KIIIU
3440,KIM-PL
3441,KIM-PM
3442,KIM
3443,KIN
3444,KIND
3445,KINS
3446,KINZ
3447,KINZU
3448,KINZW
3449,KIRY
3450,KITL
3451,KKR-PC
3452,KKR
3453,KLA.DE
3454,KLAQ
3455,KLAQU
3456,KLAQW
3457,KLC
3458,KLDI
3459,KLDO
3460,KLTR
3461,KLXE
3462,KMF
3463,KMI
3464,KMPH
3465,KMPR
3466,KMT
3467,KMY.DE
3468,KN
3469,KNBE
3470,KNOP
3471,KNTE
3472,KNWN
3473,KNX
3474,KOAN
3475,KOD
3476,KODK
3477,KOP
3478,KOPN
3479,KORE
3480,KOS
3481,KOS.L
3482,KOSS
3483,KPLT
3484,KPRX
3485,KPTI
3486,KRA
3487,KRBP
3488,KRC
3489,KREF-PA
3490,KREF
3491,KRG
3492,KRMD
3493,KRN.DE
3494,KRNL
3495,KRNLW
3496,KRNY
3497,KRO
3498,KRON
3499,KROS
3500,KRP
3501,KRT
3502,KRUS
3503,KRYS
3504,KSHB
3505,KSICU
3506,KSPN
3507,KSU-P
3508,KSU
3509,KTB
3510,KTCC
3511,KTEL
3512,KTOS
3513,KTRA
3514,KTTA
3515,KTTAW
3516,KULR
3517,KURA
3518,KURI
3519,KURIW
3520,KVHI
3521,KVSA
3522,KVSB
3523,KVSC
3524,KW
3525,KWAC-UN
3526,KYMR
3527,KYN
3528,KZR
3529,L
3530,LAAB
3531,LABP
3532,LACQ
3533,LACQU
3534,LACQW
3535,LADR
3536,LAKE
3537,LAND
3538,LANDM
3539,LANDO
3540,LAR.DE
3541,LARK
3542,LASR
3543,LATN
3544,LATNU
3545,LATNW
3546,LAUR
3547,LAW
3548,LAWS
3549,LAZR
3550,LAZY
3551,LB
3552,LBAI
3553,LBC
3554,LBPH
3555,LBRDP
3556,LBRT
3557,LBSR
3558,LBTYA
3559,LBTYB
3560,LBTYK
3561,LBUY
3562,LC
3563,LCAHU
3564,LCAP
3565,LCAPU
3566,LCAPW
3567,LCI
3568,LCLP
3569,LCNB
3570,LCTC
3571,LCTX
3572,LCUT
3573,LCW-UN
3574,LCY
3575,LCYAU
3576,LDHA
3577,LDHAU
3578,LDHAW
3579,LDI
3580,LDL
3581,LEAI
3582,LEAP-UN
3583,LEAP
3584,LEDS
3585,LEE
3586,LEG
3587,LEG.DE
3588,LEGA
3589,LEGAU
3590,LEGAW
3591,LEGH
3592,LEGN
3593,LEGO
3594,LEGOU
3595,LEGOW
3596,LEN.DE
3597,LESL
3598,LEU
3599,LEVI
3600,LEVL
3601,LEVLP
3602,LFAP
3603,LFER
3604,LFMD
3605,LFMDP
3606,LFT
3607,LFTR
3608,LFTRU
3609,LFVN
3610,LGAC
3611,LGACU
3612,LGACW
3613,LGF-A
3614,LGF-B
3615,LGIQ
3616,LGL
3617,LGST
3618,LGTO
3619,LGTOU
3620,LGVC
3621,LGVCU
3622,LGVN
3623,LHAA
3624,LHC
3625,LHDX
3626,LIFE
3627,LILA
3628,LILAK
3629,LIN.DE
3630,LINC
3631,LIND
3632,LINK
3633,LION
3634,LITT
3635,LIVC
3636,LIVE
3637,LIVKW
3638,LIVX
3639,LIXT
3640,LJAQ
3641,LJAQU
3642,LJAQW
3643,LJPC
3644,LKCRU
3645,LKQ
3646,LL
3647,LLNW
3648,LLY.DE
3649,LLY.SW
3650,LMACA
3651,LMACU
3652,LMACW
3653,LMAO
3654,LMAOU
3655,LMAOW
3656,LMAT
3657,LMB
3658,LMFA
3659,LMND
3660,LMNX
3661,LMPX
3662,LMRK
3663,LMRKN
3664,LMRKO
3665,LMRKP
3666,LMST
3667,LNC
3668,LNDC
3669,LNDZF
3670,LNFA-UN
3671,LNFA
3672,LNSR
3673,LNT
3674,LNTH
3675,LOAN
3676,LOB
3677,LOCC
3678,LOCO
3679,LODE
3680,LOGC
3681,LOGQ
3682,LOKB
3683,LOM.DE
3684,LONE
3685,LORL
3686,LOTZ
3687,LOV
3688,LOWLF
3689,LPCN
3690,LPG
3691,LPI
3692,LPRO
3693,LPSN
3694,LPTH
3695,LPTV
3696,LPTX
3697,LPX
3698,LQDA
3699,LQDT
3700,LQMT
3701,LR.PA
3702,LRDC
3703,LRFC
3704,LRMR
3705,LRN
3706,LSBK
3707,LSCC
3708,LSEA
3709,LSF
3710,LSFP
3711,LSMG
3712,LSXMA
3713,LSXMB
3714,LSXMK
3715,LTBR
3716,LTC
3717,LTCH
3718,LTH
3719,LTHM
3720,LTRN
3721,LTRPA
3722,LTRPB
3723,LTRX
3724,LTRY
3725,LTRYW
3726,LTUM
3727,LU2.DE
3728,LUB
3729,LUCD
3730,LUMN
3731,LUMO
3732,LUNA
3733,LUNG
3734,LUV
3735,LUVU
3736,LUXA
3737,LUXAU
3738,LVAC
3739,LVLU
3740,LVOX
3741,LVOXU
3742,LVPA
3743,LVS
3744,LVTX
3745,LW
3746,LWACU
3747,LWAY
3748,LWEL
3749,LWLG
3750,LXAM
3751,LXFR
3752,LXP-PC
3753,LXP
3754,LXRX
3755,LXU
3756,LYEL
3757,LYFT
3758,LYG
3759,LYLT
3760,LYLTV
3761,LYRA
3762,LYTS
3763,LZ
3764,M&M.NS
3765,M&MFIN.NS
3766,M4I.DE
3767,MAA-PI
3768,MAAC
3769,MAACU
3770,MAC
3771,MACA
3772,MACAU
3773,MACAW
3774,MACK
3775,MACQ
3776,MACQU
3777,MACQW
3778,MACUU
3779,MAGE
3780,MAIN
3781,MANT
3782,MANU
3783,MAPS
3784,MAPT
3785,MAQCU
3786,MARA
3787,MARK
3788,MARPS
3789,MASS
3790,MAT
3791,MATW
3792,MAX
3793,MAXD
3794,MAXR
3795,MBB.DE
3796,MBCN
3797,MBI
3798,MBII
3799,MBIN
3800,MBINN
3801,MBINO
3802,MBINP
3803,MBIO
3804,MBNKP
3805,MBOT
3806,MBRX
3807,MBTC
3808,MBTCR
3809,MBTCU
3810,MBUU
3811,MBWM
3812,MC
3813,MCAA
3814,MCAD
3815,MCADR
3816,MCADU
3817,MCAE
3818,MCAEU
3819,MCAF
3820,MCAFU
3821,MCAG
3822,MCAGU
3823,MCBC
3824,MCBS
3825,MCCX
3826,MCF
3827,MCFE
3828,MCFT
3829,MCG
3830,MCHP
3831,MCHX
3832,MCMJ
3833,MCMJW
3834,MCOA
3835,MCRB
3836,MCRI
3837,MCS
3838,MCW
3839,MCY
3840,MD
3841,MDC
3842,MDCA
3843,MDH-UN
3844,MDH
3845,MDIA
3846,MDLA
3847,MDLZ
3848,MDO.DE
3849,MDP
3850,MDRR
3851,MDRRP
3852,MDRX
3853,MDU
3854,MDWT
3855,MDXG
3856,MDXL
3857,ME
3858,MEACU
3859,MEC
3860,MEDS
3861,MEEC
3862,MEG
3863,MEIP
3864,MEKA
3865,MESA
3866,MET-PA
3867,MET-PE
3868,MET-PF
3869,MET
3870,METC
3871,MEUSW
3872,MFA
3873,MFIN
3874,MFNC
3875,MFON
3876,MG
3877,MGEE
3878,MGHL
3879,MGI
3880,MGLN
3881,MGM
3882,MGNI
3883,MGP
3884,MGPI
3885,MGR
3886,MGRC
3887,MGTA
3888,MGTI
3889,MGTX
3890,MGY
3891,MGYR
3892,MHH
3893,MHM.L
3894,MHNC
3895,MHO
3896,MHPC
3897,MHTX
3898,MIC
3899,MICR
3900,MICT
3901,MILE
3902,MIMO
3903,MIND
3904,MINDP
3905,MINM
3906,MIR
3907,MIRM
3908,MIRO
3909,MIT
3910,MITA
3911,MITAU
3912,MITAW
3913,MITI
3914,MITK
3915,MITQ
3916,MITT-PB
3917,MITT-PC
3918,MITT
3919,MJHI
3920,MJNE
3921,MKFG
3922,MKGI
3923,MKTW
3924,MKTWW
3925,MKTY
3926,ML
3927,MLACW
3928,MLCT
3929,MLHK.PA
3930,MLHR
3931,MLI
3932,MLND
3933,MLNK
3934,MLP
3935,MLR
3936,MLSS
3937,MLVF
3938,MMAC
3939,MMI
3940,MMLP
3941,MMM.DE
3942,MMM.SW
3943,MMMB
3944,MMMM
3945,MMND
3946,MMNFF
3947,MMP
3948,MMS
3949,MMSI
3950,MN
3951,MNDT
3952,MNESP
3953,MNOV
3954,MNPR
3955,MNR-PC
3956,MNR
3957,MNRL
3958,MNRO
3959,MNSB
3960,MNSBP
3961,MNTK
3962,MNTR
3963,MNTS
3964,MNTV
3965,MNTX
3966,MO
3967,MOBQ
3968,MOD
3969,MODD
3970,MODN
3971,MOFG
3972,MOG-A
3973,MOG-B
3974,MOJO
3975,MON
3976,MONCU
3977,MONCW
3978,MOR
3979,MOS
3980,MOST
3981,MOSY
3982,MOTNU
3983,MOTS
3984,MOTV
3985,MOVE
3986,MP
3987,MPAA
3988,MPAC
3989,MPACU
3990,MPACW
3991,MPAD
3992,MPB
3993,MPC
3994,MPLN
3995,MPLX
3996,MPLXP
3997,MPW
3998,MPX
3999,MQ
4000,MRAC
4001,MRACW
4002,MRAI
4003,MRAM
4004,MRBK
4005,MRC
4006,MRCC
4007,MRCY
4008,MRGE
4009,MRIN
4010,MRK.DE
4011,MRKR
4012,MRLN
4013,MRMD
4014,MRNS
4015,MRO
4016,MRSN
4017,MRTN
4018,MRUS
4019,MRVI
4020,MRZM
4021,MS-PA
4022,MS-PE
4023,MS-PI
4024,MS-PK
4025,MS-PL
4026,MSAC
4027,MSACW
4028,MSB
4029,MSBI
4030,MSDA
4031,MSDAU
4032,MSDAW
4033,MSF.DE
4034,MSGE
4035,MSGM
4036,MSGN
4037,MSLP
4038,MSN
4039,MSN.DE
4040,MSON
4041,MSP
4042,MSRT
4043,MSSV
4044,MSVB
4045,MTAC
4046,MTACU
4047,MTAL
4048,MTBC
4049,MTBCP
4050,MTCR
4051,MTDR
4052,MTE.DE
4053,MTEM
4054,MTEX
4055,MTG
4056,MTLA.DE
4057,MTNB
4058,MTOR
4059,MTR
4060,MTRX
4061,MTRYW
4062,MTSI
4063,MTTR
4064,MTVC
4065,MTW
4066,MTX
4067,MUDS
4068,MUDSU
4069,MUDSW
4070,MULN
4071,MUR
4072,MUSS
4073,MVBF
4074,MVEN
4075,MVIS
4076,MVO
4077,MVST
4078,MWA
4079,MXC
4080,MXCT
4081,MXCT.L
4082,MXIM
4083,MXL
4084,MXSG
4085,MYE
4086,MYFW
4087,MYGN
4088,MYMD
4089,MYO
4090,MYOV
4091,MYPS
4092,MYTE
4093,NAAC
4094,NAACU
4095,NAACW
4096,NABL
4097,NAII
4098,NANX
4099,NAOV
4100,NARI
4101,NATH
4102,NATI
4103,NATR
4104,NAUH
4105,NAUT
4106,NAV
4107,NAVB
4108,NAVI
4109,NBA-WT
4110,NBEV
4111,NBHC
4112,NBIO
4113,NBIX
4114,NBLD
4115,NBN
4116,NBSE
4117,NBST
4118,NBSTU
4119,NBSTW
4120,NBTB
4121,NBY
4122,NC
4123,NCAC
4124,NCLH
4125,NCMI
4126,NCNA
4127,NCNO
4128,NCR
4129,NCRA
4130,NCSM
4131,NDA.DE
4132,NDAC
4133,NDACU
4134,NDACW
4135,NDLS
4136,NDRA
4137,NDRAW
4138,NDVN
4139,NE
4140,NEBCU
4141,NECB
4142,NEIK
4143,NEM
4144,NEM.DE
4145,NEO
4146,NEOG
4147,NEP
4148,NEPH
4149,NERV
4150,NES
4151,NESR
4152,NETE
4153,NEWH
4154,NEWT
4155,NEWTL
4156,NEX
4157,NEXI
4158,NEXT
4159,NFBK
4160,NFC.DE
4161,NFE
4162,NFG
4163,NFS.DE
4164,NFYS
4165,NGACU
4166,NGC-UN
4167,NGCA
4168,NGCAU
4169,NGCAW
4170,NGL-PB
4171,NGL-PC
4172,NGL
4173,NGLD
4174,NGM
4175,NGS
4176,NGTF
4177,NGVC
4178,NGVT
4179,NH
4180,NHC
4181,NHI
4182,NHIC
4183,NHICU
4184,NI-PB
4185,NI
4186,NICK
4187,NIHK
4188,NINE
4189,NIOBF
4190,NJMC
4191,NJR
4192,NKLA
4193,NKSH
4194,NKTR
4195,NKTX
4196,NL
4197,NLBS
4198,NLCP
4199,NLIT
4200,NLITU
4201,NLITW
4202,NLOK
4203,NLS
4204,NLSN
4205,NLST
4206,NLTX
4207,NLY-PG
4208,NLY-PI
4209,NLY
4210,NMFC
4211,NMFCL
4212,NMGX
4213,NMIH
4214,NMMC
4215,NMMCU
4216,NMRD
4217,NMRK
4218,NMTC
4219,NMTR
4220,NNBR
4221,NNN-PF
4222,NNN
4223,NNUP
4224,NNVC
4225,NOAC
4226,NODK
4227,NOG
4228,NOMD
4229,NOTR
4230,NOTV
4231,NOV
4232,NOVA
4233,NOVC
4234,NOVN
4235,NP
4236,NPAB
4237,NPCE
4238,NPHC
4239,NPTN
4240,NPTX
4241,NR
4242,NRBO
4243,NRC
4244,NREF-PA
4245,NREF
4246,NRG
4247,NRIM
4248,NRIS
4249,NRIX
4250,NROM
4251,NRP
4252,NRUC
4253,NRXP
4254,NRXPW
4255,NRZ-PA
4256,NRZ-PB
4257,NRZ-PC
4258,NRZ-PD
4259,NRZ
4260,NS
4261,NSA-PA
4262,NSA
4263,NSEC
4264,NSH-UN
4265,NSH
4266,NSS
4267,NSSC
4268,NSTB-UN
4269,NSTB
4270,NSTD
4271,NSTG
4272,NSTS
4273,NSYS
4274,NTCT
4275,NTGR
4276,NTH.DE
4277,NTIC
4278,NTIP
4279,NTRA
4280,NTRB
4281,NTRBW
4282,NTRR
4283,NTRSO
4284,NTST
4285,NTUS
4286,NTWK
4287,NTWN
4288,NUAN
4289,NUGX
4290,NUKK
4291,NUMD
4292,NUNZ
4293,NURO
4294,NUS
4295,NUVA
4296,NUVL
4297,NUVR
4298,NUWE
4299,NUZE
4300,NVEC
4301,NVFY
4302,NVGS
4303,NVIV
4304,NVNO
4305,NVNT
4306,NVOS
4307,NVSA
4308,NVSAU
4309,NVSAW
4310,NVST
4311,NVT
4312,NVTA
4313,NVVEW
4314,NWBI
4315,NWBO
4316,NWE
4317,NWFL
4318,NWG.L
4319,NWHM
4320,NWL
4321,NWN
4322,NWO.DE
4323,NWPP
4324,NWPX
4325,NWS
4326,NWSA
4327,NWYU
4328,NXEN
4329,NXGL
4330,NXGN
4331,NXMR
4332,NXRT
4333,NXTC
4334,NXTD
4335,NXTP
4336,NXU-UN
4337,NXU
4338,NYC
4339,NYCB
4340,NYMT
4341,NYMTL
4342,NYMTM
4343,NYMTN
4344,NYMTO
4345,NYMTP
4346,NYT
4347,O
4348,O5Q.DE
4349,OACB-UN
4350,OACB
4351,OB
4352,OBCI
4353,OBLG
4354,OBLN
4355,OBMP
4356,OBNK
4357,OBT
4358,OBTX
4359,OCA-UN
4360,OCA
4361,OCAX
4362,OCAXU
4363,OCAXW
4364,OCDX
4365,OCEA
4366,OCFC
4367,OCFCP
4368,OCGN
4369,OCLN
4370,OCN
4371,OCSL
4372,OCUL
4373,OCUP
4374,OCX
4375,ODII
4376,ODP
4377,ODT
4378,OEG
4379,OEPW
4380,OEPWU
4381,OEPWW
4382,OESX
4383,OEWA.DE
4384,OFC
4385,OFED
4386,OFIX
4387,OFS
4388,OFSSI
4389,OGCP
4390,OGE
4391,OGEN
4392,OGN
4393,OGS
4394,OHI
4395,OHPA
4396,OHPAU
4397,OHPAW
4398,OI
4399,OII
4400,OIS
4401,OKE
4402,OLB
4403,OLITU
4404,OLMA
4405,OLN
4406,OLO
4407,OLP
4408,OLPX
4409,OM
4410,OMC
4411,OMEG
4412,OMER
4413,OMEX
4414,OMF
4415,OMGA
4416,OMI
4417,OMIC
4418,OMP
4419,OMQS
4420,OMTK
4421,OMWS
4422,ON
4423,ONB
4424,ONCR
4425,ONCT
4426,ONDS
4427,ONEM
4428,ONEW
4429,ONL
4430,ONTF
4431,ONTX
4432,ONTXW
4433,ONVO
4434,OPAD
4435,OPBK
4436,OPCH
4437,OPEN
4438,OPFI
4439,OPGN
4440,OPHC
4441,OPI
4442,OPINL
4443,OPK
4444,OPNT
4445,OPOF
4446,OPRT
4447,OPRX
4448,OPTN
4449,OPXS
4450,OPY
4451,ORA
4452,ORBC
4453,ORC
4454,ORCC
4455,ORGN
4456,ORGO
4457,ORGS
4458,ORI
4459,ORIA
4460,ORIAU
4461,ORIC
4462,ORMP
4463,ORN
4464,ORRF
4465,ORTX
4466,OSAT
4467,OSBC
4468,OSCR
4469,OSG
4470,OSH
4471,OSMT
4472,OSPN
4473,OSS
4474,OSTK
4475,OSTKO
4476,OSTR
4477,OSTRW
4478,OSUR
4479,OTCM
4480,OTEC
4481,OTECU
4482,OTIC
4483,OTLK
4484,OTLKW
4485,OTRA
4486,OTRAU
4487,OTRK
4488,OTRKP
4489,OTTR
4490,OTTW
4491,OUST
4492,OUT
4493,OVBC
4494,OVID
4495,OVLY
4496,OVV
4497,OWL
4498,OWLT
4499,OWPC
4500,OXSQ
4501,OXSQL
4502,OXSQZ
4503,OXY
4504,OYST
4505,OZ
4506,OZK
4507,OZSC
4508,PA9.DE
4509,PAA
4510,PACB
4511,PACE-UN
4512,PACE
4513,PACK
4514,PACV
4515,PACW
4516,PACX
4517,PACXU
4518,PACXW
4519,PAE
4520,PAE.DE
4521,PAEWW
4522,PAFO
4523,PAFOR
4524,PAFOU
4525,PAGP
4526,PAH3.DE
4527,PAHC
4528,PAIC
4529,PAICU
4530,PALI
4531,PALT
4532,PANL
4533,PAR
4534,PARR
4535,PASG
4536,PATI
4537,PATK
4538,PAVM
4539,PAVMW
4540,PAVMZ
4541,PAY
4542,PAYA
4543,PAYD
4544,PAYO
4545,PAYS
4546,PB
4547,PBAJ
4548,PBAX
4549,PBAXU
4550,PBC
4551,PBCT
4552,PBCTP
4553,PBF
4554,PBFS
4555,PBFX
4556,PBH
4557,PBHC
4558,PBI
4559,PBIO
4560,PBIP
4561,PBLA
4562,PBPB
4563,PBT
4564,PBYI
4565,PCB
4566,PCE1.DE
4567,PCG-PA
4568,PCG-PB
4569,PCG-PD
4570,PCG-PH
4571,PCG
4572,PCH
4573,PCOK
4574,PCOR
4575,PCPC
4576,PCRX
4577,PCSA
4578,PCSB
4579,PCT
4580,PCTI
4581,PCTL
4582,PCTTU
4583,PCTTW
4584,PCVX
4585,PCX.DE
4586,PCXCU
4587,PCYG
4588,PCYN
4589,PCYO
4590,PDAC
4591,PDCE
4592,PDEX
4593,PDFS
4594,PDLB
4595,PDM
4596,PDNLA
4597,PDSB
4598,PEAK
4599,PEB-PD
4600,PEB-PF
4601,PEB-PG
4602,PEB-PH
4603,PEB
4604,PEBK
4605,PEBO
4606,PECO
4607,PED
4608,PEG
4609,PEGR
4610,PEI-PB
4611,PEI-PC
4612,PEI
4613,PENN
4614,PEP.DE
4615,PEP.SW
4616,PEPL
4617,PEPLU
4618,PESI
4619,PETQ
4620,PETS
4621,PETV
4622,PETVW
4623,PEYE
4624,PFBC
4625,PFBI
4626,PFBX
4627,PFC
4628,PFDRU
4629,PFE
4630,PFG
4631,PFGC
4632,PFH
4633,PFHD
4634,PFHO
4635,PFIE
4636,PFIN
4637,PFIS
4638,PFLT
4639,PFMT
4640,PFPT
4641,PFS
4642,PFSI
4643,PFSW
4644,PFTA
4645,PFTAU
4646,PFV.DE
4647,PFX
4648,PFXNL
4649,PGAI
4650,PGAS
4651,PGC
4652,PGEN
4653,PGLO
4654,PGNY
4655,PGOL
4656,PGRE
4657,PGRW
4658,PGRWU
4659,PGRWW
4660,PGTI
4661,PGTK
4662,PHAR
4663,PHAS
4664,PHAT
4665,PHBR
4666,PHCG
4667,PHEC
4668,PHG
4669,PHGE
4670,PHIC
4671,PHICU
4672,PHIL
4673,PHIO
4674,PHIOW
4675,PHM
4676,PHOT
4677,PHUN
4678,PHUNW
4679,PHX
4680,PHYT
4681,PIAC
4682,PIAI-UN
4683,PIAI
4684,PICC-UN
4685,PICC
4686,PIII
4687,PIK
4688,PINC
4689,PINE
4690,PING
4691,PINS
4692,PIPP-UN
4693,PIRS
4694,PIXY
4695,PJT
4696,PK
4697,PKBK
4698,PKE
4699,PKKW
4700,PKOH
4701,PKTX
4702,PL
4703,PLBC
4704,PLBY
4705,PLDGP
4706,PLMIU
4707,PLMR
4708,PLOW
4709,PLPC
4710,PLSE
4711,PLTR
4712,PLUG
4713,PLUS
4714,PLXP
4715,PLYA
4716,PLYM-PA
4717,PLYM
4718,PLYN
4719,PMBC
4720,PMD
4721,PMGM
4722,PMGMU
4723,PMGMW
4724,PMHG
4725,PMI.SW
4726,PMPG
4727,PMT-PA
4728,PMT-PB
4729,PMT
4730,PMTA.DE
4731,PMTS
4732,PMVC
4733,PMVP
4734,PNBK
4735,PNFPP
4736,PNM
4737,PNNT
4738,PNPL
4739,PNR
4740,PNRG
4741,PNT
4742,PNTG
4743,PNTM-UN
4744,PNTM
4745,PNW
4746,POAI
4747,POLA
4748,POLY
4749,PONO
4750,PONOU
4751,PONOW
4752,POR
4753,POSH
4754,POW
4755,POWI
4756,POWL
4757,POWRU
4758,POWRW
4759,POWW
4760,PPBI
4761,PPBN
4762,PPC
4763,PPD
4764,PPGH
4765,PPGHU
4766,PPGHW
4767,PPHI
4768,PPIH
4769,PPL
4770,PPSI
4771,PPWLO
4772,PQEFF
4773,PQG
4774,PRA
4775,PRAA
4776,PRAX
4777,PRBM
4778,PRCH
4779,PRCT
4780,PRDO
4781,PRED
4782,PRG
4783,PRG.DE
4784,PRIM
4785,PRKA
4786,PRKR
4787,PRLB
4788,PRLD
4789,PRLE
4790,PRMW
4791,PRO
4792,PROG
4793,PROS
4794,PROV
4795,PRPB
4796,PRPH
4797,PRPL
4798,PRPO
4799,PRQR
4800,PRSI
4801,PRSR
4802,PRSRU
4803,PRSRW
4804,PRT
4805,PRTG
4806,PRTH
4807,PRTHU
4808,PRTK
4809,PRTM
4810,PRTS
4811,PRTY
4812,PRVA
4813,PRVB
4814,PSA-PG
4815,PSA-PJ
4816,PSA-PK
4817,PSA-PL
4818,PSA-PN
4819,PSA-PO
4820,PSA-PP
4821,PSA-PQ
4822,PSAC
4823,PSACU
4824,PSAGU
4825,PSB-PX
4826,PSB-PY
4827,PSB-PZ
4828,PSEC-PA
4829,PSEC
4830,PSFE
4831,PSIX
4832,PSMT
4833,PSN
4834,PSNL
4835,PSPC
4836,PSTH
4837,PSTL
4838,PSTV
4839,PSTX
4840,PSXP
4841,PTCO
4842,PTCT
4843,PTE
4844,PTEN
4845,PTGX
4846,PTIC
4847,PTICU
4848,PTICW
4849,PTIX
4850,PTIXW
4851,PTMN
4852,PTN
4853,PTOC
4854,PTOCU
4855,PTOCW
4856,PTON
4857,PTPI
4858,PTRA
4859,PTRS
4860,PTSI
4861,PTVE
4862,PUBC
4863,PUBM
4864,PUCK
4865,PUCKU
4866,PUCKW
4867,PUGE
4868,PULM
4869,PUM.DE
4870,PUMP
4871,PVAC
4872,PVBC
4873,PVCT
4874,PVL
4875,PW
4876,PWCO
4877,PWFL
4878,PWOD
4879,PWP
4880,PWSC
4881,PWVI
4882,PX
4883,PXLW
4884,PYCR
4885,PYXS
4886,PYYX
4887,PZG
4888,PZN
4889,QADA
4890,QADB
4891,QBIO
4892,QCI.DE
4893,QCRH
4894,QEGY
4895,QELL
4896,QELLU
4897,QFTA-UN
4898,QFTA
4899,QGEN
4900,QHYG
4901,QIPT
4902,QLGN
4903,QMCI
4904,QMCO
4905,QNBC
4906,QNST
4907,QNTA
4908,QNTO
4909,QPRC
4910,QRHC
4911,QRON
4912,QRTEA
4913,QRTEB
4914,QS
4915,QSAM
4916,QSEP
4917,QSI
4918,QSMG
4919,QTRX
4920,QTS-PA
4921,QTS-PB
4922,QTS
4923,QTWO
4924,QTXB
4925,QUAD
4926,QUBT
4927,QUIK
4928,QUMU
4929,QUOT
4930,QURE
4931,QURT
4932,QVCC
4933,R
4934,R35.F
4935,RAA.DE
4936,RAAC
4937,RAACU
4938,RAACW
4939,RACA
4940,RACB
4941,RAD
4942,RADI
4943,RAIL
4944,RAIN
4945,RAMP
4946,RAND
4947,RANI
4948,RAPT
4949,RARE
4950,RASP
4951,RAVE
4952,RAVN
4953,RBAC
4954,RBB
4955,RBBN
4956,RBC
4957,RBCAA
4958,RBCN
4959,RBKB
4960,RBLX
4961,RBNC
4962,RBOT
4963,RBSPF
4964,RC-PC
4965,RC-PE
4966,RC
4967,RCA
4968,RCAR
4969,RCB
4970,RCEL
4971,RCFA
4972,RCHG
4973,RCII
4974,RCKT
4975,RCKY
4976,RCLF
4977,RCLFU
4978,RCLFW
4979,RCM
4980,RCMT
4981,RCOR
4982,RCRT
4983,RCUS
4984,RDFN
4985,RDGA
4986,RDGL
4987,RDI
4988,RDIB
4989,RDN
4990,RDNT
4991,RDS-A
4992,RDS-B
4993,RDSA.L
4994,RDUS
4995,RDVT
4996,RDW
4997,RE.PA
4998,REAL
4999,REED
5000,REEMF
5001,REFR
5002,REG
5003,REGI
5004,REI
5005,REKR
5006,RELI
5007,RELIW
5008,RELL
5009,RELT
5010,RELY
5011,RENT
5012,RENX.L
5013,REPH
5014,REPL
5015,REPX
5016,RES
5017,RESN
5018,RETA
5019,RETC
5020,REV
5021,REVH
5022,REVHU
5023,REVHW
5024,REXR-PB
5025,REXR-PC
5026,REXR
5027,REYN
5028,REZI
5029,RF-PB
5030,RF-PE
5031,RF
5032,RGBP
5033,RGCO
5034,RGIN
5035,RGLS
5036,RGMP
5037,RGNX
5038,RGP
5039,RGR
5040,RGRX
5041,RGS
5042,RHE-PA
5043,RHE
5044,RHM.DE
5045,RIBT
5046,RICE-UN
5047,RICE
5048,RICK
5049,RIDE
5050,RIGL
5051,RIII
5052,RILY
5053,RILYG
5054,RILYH
5055,RILYL
5056,RILYM
5057,RILYN
5058,RILYO
5059,RILYP
5060,RIOT
5061,RIVE
5062,RIVN
5063,RIVU
5064,RKDA
5065,RKFL
5066,RKLB
5067,RKT
5068,RLAY
5069,RLBY
5070,RLGT
5071,RLGY
5072,RLJ-PA
5073,RLJ
5074,RLMD
5075,RLYB
5076,RM
5077,RMAX
5078,RMBI
5079,RMBL
5080,RMBS
5081,RMCF
5082,RMED
5083,RMGBU
5084,RMGC
5085,RMGCW
5086,RMNI
5087,RMNIW
5088,RMO
5089,RMR
5090,RMSL
5091,RMTI
5092,RNA
5093,RNAZ
5094,RNDB
5095,RNER
5096,RNERW
5097,RNGR
5098,RNLX
5099,RNST
5100,RNVA
5101,RNVAW
5102,RNWK
5103,RNXT
5104,ROAD
5105,ROCC
5106,ROCGU
5107,ROCK
5108,ROCR
5109,ROCRU
5110,ROCRW
5111,ROIC
5112,ROIV
5113,ROIVW
5114,ROL
5115,RONI
5116,ROOT
5117,ROSE
5118,ROT
5119,ROVR
5120,ROYL
5121,RPAI
5122,RPAY
5123,RPHM
5124,RPID
5125,RPMT
5126,RPRX
5127,RPT-PD
5128,RPT
5129,RRBI
5130,RRC
5131,RRD
5132,RRGB
5133,RRR
5134,RSCF
5135,RSI
5136,RSLS
5137,RSMDF
5138,RSPI
5139,RSRV
5140,RSSS
5141,RSVR
5142,RTLR
5143,RTP
5144,RTPY
5145,RTPYU
5146,RTSL
5147,RUBY
5148,RUN
5149,RUSHA
5150,RUSHB
5151,RUTH
5152,RVAC
5153,RVACU
5154,RVACW
5155,RVI
5156,RVIV
5157,RVLV
5158,RVMD
5159,RVNC
5160,RVP
5161,RVPH
5162,RVSB
5163,RWAY
5164,RWL.DE
5165,RWT
5166,RXDX
5167,RXRA
5168,RXRAU
5169,RXRX
5170,RXST
5171,RXT
5172,RYAM
5173,RYAN
5174,RYI
5175,RYN
5176,RYTM
5177,RZA
5178,RZLT
5179,SABR
5180,SACC
5181,SACH
5182,SAE.DE
5183,SAFE
5184,SAGE
5185,SAH
5186,SAII
5187,SAIIU
5188,SAIL
5189,SAK
5190,SAL
5191,SALM
5192,SAMA
5193,SAMAU
5194,SAMG
5195,SAML
5196,SAN.PA
5197,SANA
5198,SANB
5199,SANM
5200,SANW
5201,SAP.DE
5202,SAR
5203,SASR
5204,SATS
5205,SAVA
5206,SAVE
5207,SBBP
5208,SBCF
5209,SBEA
5210,SBEAU
5211,SBEV
5212,SBFG
5213,SBG
5214,SBGI
5215,SBH
5216,SBOW
5217,SBR
5218,SBRA
5219,SBS.DE
5220,SBSAA
5221,SBSI
5222,SBT
5223,SBTX
5224,SC
5225,SCAQ
5226,SCAQU
5227,SCAQW
5228,SCCB
5229,SCCO
5230,SCE-PH
5231,SCGY
5232,SCHN
5233,SCHW-PD
5234,SCHW-PJ
5235,SCI
5236,SCIA
5237,SCKT
5238,SCLE
5239,SCLEU
5240,SCLEW
5241,SCM
5242,SCMA
5243,SCND
5244,SCOA
5245,SCOAU
5246,SCOB
5247,SCOBW
5248,SCON
5249,SCOR
5250,SCPH
5251,SCPL
5252,SCPS
5253,SCSC
5254,SCU
5255,SCVX-UN
5256,SCVX
5257,SCWO
5258,SCX
5259,SCXLB
5260,SCYX
5261,SCYYF
5262,SD
5263,SDAC
5264,SDACW
5265,SDC
5266,SDIG
5267,SDON
5268,SDPI
5269,SDSYA
5270,SEAC
5271,SEAH
5272,SEAS
5273,SEAT
5274,SEDA
5275,SEE
5276,SEEL
5277,SEER
5278,SEIC
5279,SELB
5280,SELF
5281,SEM
5282,SEMR
5283,SENEA
5284,SENEB
5285,SENR
5286,SENS
5287,SERA
5288,SESN
5289,SEVN
5290,SEZNL
5291,SF-PC
5292,SF
5293,SFBC
5294,SFDL
5295,SFE
5296,SFM
5297,SFNC
5298,SFOR
5299,SFRX
5300,SFST
5301,SFT
5302,SG
5303,SGA
5304,SGAMU
5305,SGBI
5306,SGBX
5307,SGC
5308,SGFY
5309,SGH
5310,SGHT
5311,SGII
5312,SGIIU
5313,SGLB
5314,SGLBW
5315,SGLY
5316,SGMD
5317,SGMO
5318,SGMS
5319,SGNI
5320,SGRP
5321,SGRY
5322,SGSI
5323,SGTX
5324,SGU
5325,SHAC
5326,SHACU
5327,SHACW
5328,SHAK
5329,SHBI
5330,SHC
5331,SHCR
5332,SHEN
5333,SHLS
5334,SHLX
5335,SHMP
5336,SHO
5337,SHOO
5338,SHPW
5339,SHQA
5340,SHQAU
5341,SHRG
5342,SHSP
5343,SHWZ
5344,SHYF
5345,SI-PA
5346,SIBN
5347,SIC
5348,SIDU
5349,SIE.DE
5350,SIEB
5351,SIEN
5352,SIERU
5353,SIF
5354,SIGA
5355,SIGI
5356,SIGIP
5357,SIGN
5358,SIGY
5359,SILK
5360,SIMP
5361,SING
5362,SINO
5363,SINT
5364,SIOX
5365,SIRI
5366,SIRR
5367,SITC-PA
5368,SITC
5369,SIVBP
5370,SIX
5371,SIX2.DE
5372,SIX3.DE
5373,SJI
5374,SJIJ
5375,SJT
5376,SJW
5377,SKAS
5378,SKIL
5379,SKIN
5380,SKLZ
5381,SKT
5382,SKVI
5383,SKX
5384,SKY
5385,SKYA
5386,SKYAU
5387,SKYE
5388,SKYT
5389,SKYW
5390,SLAM
5391,SLAMU
5392,SLAMW
5393,SLB
5394,SLCA
5395,SLCT
5396,SLDB
5397,SLDP
5398,SLG-PI
5399,SLG
5400,SLGC
5401,SLGD
5402,SLGG
5403,SLGN
5404,SLM
5405,SLMBP
5406,SLN
5407,SLNG
5408,SLNO
5409,SLP
5410,SLQT
5411,SLRC
5412,SLRX
5413,SLS
5414,SLVM
5415,SM
5416,SMAP
5417,SMAPW
5418,SMBC
5419,SMBK
5420,SMCI
5421,SMDM
5422,SMED
5423,SMFR
5424,SMGI
5425,SMHI
5426,SMID
5427,SMIT
5428,SMLP
5429,SMLR
5430,SMME
5431,SMMF
5432,SMMT
5433,SMP
5434,SMPL
5435,SMPR
5436,SMSI
5437,SMTI
5438,SNAP
5439,SNAX
5440,SNBH
5441,SNBR
5442,SNCE
5443,SNCR
5444,SNCY
5445,SND
5446,SNDD
5447,SNDR
5448,SNDX
5449,SNES
5450,SNEX
5451,SNFCA
5452,SNGX
5453,SNGXW
5454,SNI.OL
5455,SNMP
5456,SNNY
5457,SNOA
5458,SNPO
5459,SNPR
5460,SNPW
5461,SNR
5462,SNRH
5463,SNRHU
5464,SNRHW
5465,SNSE
5466,SNV-PD
5467,SNV
5468,SNW.DE
5469,SNWV
5470,SNY
5471,SO
5472,SOAC-UN
5473,SOAN
5474,SOBR
5475,SODI
5476,SOFI
5477,SOFIW
5478,SOFO
5479,SOHO
5480,SOHOB
5481,SOHON
5482,SOHOO
5483,SOI
5484,SOJD
5485,SOLN
5486,SOLS
5487,SOLY
5488,SON
5489,SONM
5490,SONN
5491,SONO
5492,SONX
5493,SOPA
5494,SOTK
5495,SOVO
5496,SOWG
5497,SP
5498,SPAQ-UN
5499,SPAQ
5500,SPCE
5501,SPFI
5502,SPFR-UN
5503,SPFR
5504,SPG-PJ
5505,SPH
5506,SPIN
5507,SPIR
5508,SPKB
5509,SPKBU
5510,SPKBW
5511,SPKE
5512,SPLP-PA
5513,SPLP
5514,SPND
5515,SPNE
5516,SPNV-UN
5517,SPNV
5518,SPOK
5519,SPPI
5520,SPR
5521,SPRB
5522,SPRO
5523,SPRS
5524,SPRT
5525,SPT
5526,SPTKU
5527,SPTN
5528,SPUP
5529,SPWR
5530,SPXC
5531,SPYR
5532,SQ3.F
5533,SQFT
5534,SQL
5535,SQNS
5536,SQSP
5537,SQZ
5538,SR-PA
5539,SR
5540,SRAC
5541,SRACU
5542,SRACW
5543,SRAX
5544,SRB.DE
5545,SRC-PA
5546,SRC
5547,SRCE
5548,SRCL
5549,SRCU
5550,SREA
5551,SREV
5552,SRG-PA
5553,SRG
5554,SRGA
5555,SRI
5556,SRLP
5557,SRNA
5558,SRNE
5559,SRNG
5560,SRNGU
5561,SRNGW
5562,SRPT
5563,SRRK
5564,SRSAU
5565,SRSG
5566,SRT
5567,SRT.DE
5568,SRT3.DE
5569,SRTS
5570,SRUS
5571,SRZN
5572,SSAA
5573,SSAAU
5574,SSAAW
5575,SSBI
5576,SSBK
5577,SSCR
5578,SSDT
5579,SSHI
5580,SSKN
5581,SSNT
5582,SSOK
5583,SSP
5584,SSPK
5585,SSPKW
5586,SSSS
5587,SST
5588,SSTI
5589,SSUN.F
5590,SSY
5591,SSYS
5592,ST
5593,STAA
5594,STAB
5595,STAF
5596,STAG
5597,STAL
5598,STAN.L
5599,STAR-PD
5600,STAR-PI
5601,STAR
5602,STAY
5603,STBA
5604,STC
5605,STCB
5606,STCC
5607,STEM
5608,STEP
5609,STER
5610,STFC
5611,STFR
5612,STGW
5613,STIM
5614,STKS
5615,STL-PA
5616,STL
5617,STLD
5618,STLY
5619,STMH
5620,STOK
5621,STON
5622,STOR
5623,STPC
5624,STQN
5625,STRA
5626,STRL
5627,STRM
5628,STRN
5629,STRNW
5630,STRO
5631,STRR
5632,STRRP
5633,STRS
5634,STRT
5635,STSA
5636,STT-PD
5637,STT-PG
5638,STTK
5639,STWD
5640,STWO
5641,STWOU
5642,STXB
5643,STXS
5644,STYLAMIND.NS
5645,SUAC
5646,SUIC
5647,SUM
5648,SUMR
5649,SUN
5650,SUND
5651,SUNL
5652,SUNS
5653,SUNW
5654,SUP
5655,SUPN
5656,SURF
5657,SURG
5658,SV
5659,SVAC
5660,SVACU
5661,SVBI
5662,SVC
5663,SVFA
5664,SVFAU
5665,SVFB
5666,SVFC
5667,SVOK
5668,SVOKW
5669,SVRA
5670,SVSVU
5671,SVT
5672,SVVC
5673,SWAG
5674,SWAGU
5675,SWBK
5676,SWCH
5677,SWET
5678,SWETU
5679,SWETW
5680,SWF.DE
5681,SWI
5682,SWIM
5683,SWKH
5684,SWM
5685,SWN
5686,SWTX
5687,SWX
5688,SXC
5689,SYBT
5690,SYBX
5691,SYF-PA
5692,SYF
5693,SYK.DE
5694,SYKE
5695,SYN
5696,SYNL
5697,SYPR
5698,SYRS
5699,SYSX
5700,SYTE
5701,SYX
5702,SYY
5703,SZZL
5704,T-PA
5705,T-PC
5706,T
5707,TA
5708,TACA-UN
5709,TACO
5710,TACT
5711,TAIT
5712,TALK
5713,TALO
5714,TALS
5715,TANNI
5716,TANNL
5717,TANNZ
5718,TAP-A
5719,TAP
5720,TARA
5721,TARS
5722,TASK
5723,TAST
5724,TAUG
5725,TBB
5726,TBBA
5727,TBBK
5728,TBC
5729,TBCP
5730,TBCPW
5731,TBI
5732,TBIO
5733,TBKCP
5734,TBLT
5735,TBLTW
5736,TBNK
5737,TBTC
5738,TCAC
5739,TCACU
5740,TCBC
5741,TCBI
5742,TCBIL
5743,TCBIO
5744,TCBK
5745,TCBS
5746,TCBX
5747,TCCO
5748,TCCR
5749,TCDA
5750,TCFC
5751,TCI
5752,TCMD
5753,TCNNF
5754,TCNT
5755,TCON
5756,TCPC
5757,TCRI
5758,TCRR
5759,TCRX
5760,TCS
5761,TCVA
5762,TDAC
5763,TDACU
5764,TDACW
5765,TDC
5766,TDNT
5767,TDOC
5768,TDS-PU
5769,TDS
5770,TDUP
5771,TDW
5772,TECTP
5773,TEGY
5774,TEKK
5775,TEKKU
5776,TELA
5777,TELL
5778,TEN
5779,TENB
5780,TENX
5781,TERN
5782,TESS
5783,TETC
5784,TETCU
5785,TEUM
5786,TEX
5787,TFC-PO
5788,TFC-PR
5789,TFC
5790,TFFP
5791,TFSL
5792,TG
5793,TGAN
5794,TGEN
5795,TGHI
5796,TGI
5797,TGLO
5798,TGNA
5799,TGR.DE
5800,TGTX
5801,TGVC
5802,TGVCW
5803,TH
5804,THAC
5805,THC
5806,THCA
5807,THCAU
5808,THCAW
5809,THCB
5810,THCBU
5811,THCBW
5812,THCC
5813,THCP
5814,THCPU
5815,THCT
5816,THFF
5817,THMA
5818,THMAW
5819,THMG
5820,THMO
5821,THR
5822,THRN
5823,THRX
5824,THRY
5825,THS
5826,THWWW
5827,TIG
5828,TII.DE
5829,TIKK
5830,TIL
5831,TILE
5832,TIOA
5833,TIOAU
5834,TIOAW
5835,TIPT
5836,TISI
5837,TITN
5838,TJBH
5839,TKLS
5840,TKNO
5841,TKOI
5842,TKR
5843,TL0.DE
5844,TLC
5845,TLCC
5846,TLFA
5847,TLGT
5848,TLIS
5849,TLLYF
5850,TLMD
5851,TLMDW
5852,TLND
5853,TLRS
5854,TLS
5855,TLSS
5856,TLYS
5857,TM5.DE
5858,TMAC
5859,TMBR
5860,TMCI
5861,TMDX
5862,TMGI
5863,TMHC
5864,TMKR
5865,TMKRU
5866,TMKRW
5867,TMPM
5868,TMPMU
5869,TMRC
5870,TMST
5871,TMTS
5872,TMTSU
5873,TMVWY
5874,TMX
5875,TNC
5876,TNGX
5877,TNL
5878,TNLX
5879,TNRG
5880,TNXP
5881,TNYA
5882,TOFB
5883,TOI
5884,TOMZ
5885,TOST
5886,TOWN
5887,TPB
5888,TPBA
5889,TPBAU
5890,TPBAW
5891,TPC
5892,TPCO
5893,TPCS
5894,TPGY-UN
5895,TPGY
5896,TPH
5897,TPHS
5898,TPIA
5899,TPIC
5900,TPR
5901,TPST
5902,TPTW
5903,TPTX
5904,TPVG
5905,TPX
5906,TR
5907,TRAQ
5908,TRC
5909,TRCK
5910,TRDA
5911,TREB-UN
5912,TREB
5913,TREC
5914,TRGP
5915,TRHC
5916,TRIN
5917,TRIP
5918,TRIQ
5919,TRIS
5920,TRKA
5921,TRKAW
5922,TRMB
5923,TRMD
5924,TRMK
5925,TRMT
5926,TRN
5927,TRNO
5928,TRON
5929,TROX
5930,TRS
5931,TRST
5932,TRT
5933,TRTK
5934,TRTX
5935,TRVG
5936,TRVI
5937,TRVN
5938,TRXA
5939,TSBK
5940,TSC
5941,TSCAP
5942,TSCBP
5943,TSE
5944,TSF.CN
5945,TSHA
5946,TSIB
5947,TSIBU
5948,TSIBW
5949,TSLX
5950,TSOI
5951,TSP
5952,TSQ
5953,TSRI
5954,TSSI
5955,TSVT
5956,TTCF
5957,TTCM
5958,TTD
5959,TTE
5960,TTI
5961,TTMI
5962,TTNP
5963,TTOO
5964,TTSH
5965,TUEM
5966,TUGC
5967,TUGCU
5968,TUGCW
5969,TUI.L
5970,TUP
5971,TUSK
5972,TVAC
5973,TVACU
5974,TVACW
5975,TVC
5976,TVE
5977,TVTX
5978,TVTY
5979,TWCB
5980,TWCT
5981,TWCTU
5982,TWI
5983,TWIN
5984,TWKS
5985,TWLV
5986,TWLVU
5987,TWLVW
5988,TWND-UN
5989,TWND
5990,TWNK
5991,TWNKW
5992,TWO-PA
5993,TWO-PB
5994,TWO
5995,TWOU
5996,TWST
5997,TWTR
5998,TXT
5999,TYME
6000,TYRA
6001,TZOO
6002,TZPS
6003,TZPSU
6004,TZPSW
6005,UA
6006,UAA
6007,UAL
6008,UAMY
6009,UAVS
6010,UBCP
6011,UBER
6012,UBFO
6013,UBOH
6014,UBSI
6015,UBX
6016,UCASU
6017,UCBI
6018,UCBIO
6019,UCLE
6020,UCTT
6021,UDMY
6022,UDR
6023,UE
6024,UEEC
6025,UEIC
6026,UEPCN
6027,UEPCO
6028,UEPCP
6029,UEPEM
6030,UEPEO
6031,UEPEP
6032,UFAB
6033,UFCS
6034,UFI
6035,UFPT
6036,UFS
6037,UG
6038,UGI
6039,UGRO
6040,UHID
6041,UHT
6042,UIHC
6043,UIS
6044,ULBI
6045,ULCC
6046,ULH
6047,UMC
6048,UMH-PC
6049,UMH-PD
6050,UMH
6051,UMPQ
6052,UNAM
6053,UNB
6054,UNCY
6055,UNH.DE
6056,UNIR
6057,UNIT
6058,UNM
6059,UNP.DE
6060,UNQL
6061,UNRV
6062,UNTY
6063,UNVR
6064,UNXP
6065,UONE
6066,UONEK
6067,UP
6068,UPAB.DE
6069,UPDC
6070,UPH
6071,UPLD
6072,UPTD
6073,UPWK
6074,URG
6075,USAC
6076,USAK
6077,USAP
6078,USAQ
6079,USB-PH
6080,USB-PM
6081,USB-PP
6082,USB-PQ
6083,USB
6084,USBL
6085,USCR
6086,USCT
6087,USDP
6088,USEG
6089,USFD
6090,USIO
6091,USLG
6092,USM
6093,USNU
6094,USWS
6095,USWSW
6096,USX
6097,UTAA
6098,UTGN
6099,UTI
6100,UTL
6101,UTRS
6102,UTZ
6103,UUU
6104,UUUU
6105,UVE
6106,UVSP
6107,UVV
6108,UWHR
6109,UWMC
6110,UWS.DE
6111,UZA
6112,VABK
6113,VACC
6114,VACQ
6115,VACQU
6116,VADP
6117,VALN
6118,VAPO
6119,VAQC
6120,VAR1.DE
6121,VASO
6122,VATE
6123,VAXX
6124,VBFC
6125,VBIO
6126,VBIV
6127,VBTX
6128,VCEL
6129,VCNX
6130,VCTR
6131,VCXA
6132,VCXAU
6133,VCXAW
6134,VCYT
6135,VEC
6136,VECO
6137,VEEE
6138,VEL
6139,VELO
6140,VELOU
6141,VELOW
6142,VENA
6143,VENAR
6144,VENAU
6145,VENAW
6146,VENV
6147,VEON
6148,VER-PF
6149,VER
6150,VERA
6151,VERB
6152,VERBW
6153,VERI
6154,VERU
6155,VERV
6156,VERX
6157,VERY
6158,VFC
6159,VFRM
6160,VG
6161,VGAC
6162,VGR
6163,VGZ
6164,VHC
6165,VHI
6166,VIA
6167,VIAC
6168,VIACA
6169,VIACP
6170,VIAO
6171,VIASP
6172,VIAV
6173,VICI
6174,VICP
6175,VIDE
6176,VIEW
6177,VIH
6178,VIHAU
6179,VIHD
6180,VII
6181,VIIAU
6182,VIIAW
6183,VINC
6184,VINE
6185,VINO
6186,VIR
6187,VIRC
6188,VIRI
6189,VIRT
6190,VIRX
6191,VISL
6192,VISM
6193,VITL
6194,VIVC
6195,VIVE
6196,VIVO
6197,VJET
6198,VKIN
6199,VLCN
6200,VLD
6201,VLDR
6202,VLON
6203,VLTA
6204,VLY
6205,VLYPO
6206,VLYPP
6207,VMAC
6208,VMACU
6209,VMD
6210,VMEO
6211,VNCE
6212,VNDA
6213,VNJA
6214,VNO-PL
6215,VNO-PM
6216,VNO-PN
6217,VNO
6218,VNOM
6219,VNORP
6220,VNRX
6221,VNT
6222,VNTR
6223,VNUE
6224,VNX.DE
6225,VOC
6226,VONI
6227,VOR
6228,VOSO
6229,VOSOU
6230,VOSOW
6231,VOW.DE
6232,VOW3.DE
6233,VOXX
6234,VOYA-PB
6235,VOYA
6236,VPG
6237,VPLM
6238,VPRB
6239,VRAR
6240,VRAY
6241,VRCA
6242,VRDN
6243,VREX
6244,VRM
6245,VRME
6246,VRMEW
6247,VRNA
6248,VRNS
6249,VRPX
6250,VRRM
6251,VRRMW
6252,VRS
6253,VRS.DE
6254,VRT
6255,VRTC
6256,VRTY
6257,VRUS
6258,VRVR
6259,VSAC
6260,VSAT
6261,VSBC
6262,VSEC
6263,VSH
6264,VST
6265,VSTM
6266,VSTO
6267,VTAQ
6268,VTAQU
6269,VTDRF
6270,VTEX
6271,VTGN
6272,VTIQ
6273,VTIQU
6274,VTIQW
6275,VTNA
6276,VTNR
6277,VTOL
6278,VTR
6279,VTRS
6280,VTSI
6281,VTVT
6282,VUZI
6283,VVI
6284,VVNT
6285,VVOS
6286,VVV
6287,VWE
6288,VWTR
6289,VX1.DE
6290,VXRT
6291,VYCO
6292,VYEY
6293,VYGR
6294,VYND
6295,VYNE
6296,VYNT
6297,VYST
6298,VZ
6299,VZIO
6300,WABC
6301,WAF.DE
6302,WAFD
6303,WAFDP
6304,WALD
6305,WALDU
6306,WALDW
6307,WARM
6308,WASH
6309,WATT
6310,WAYN
6311,WBA
6312,WBEV
6313,WBHC
6314,WBQNL
6315,WBS
6316,WBT
6317,WCC-PA
6318,WCRS
6319,WCUI
6320,WDC
6321,WDDD
6322,WDLF
6323,WDP.DE
6324,WE
6325,WEAV
6326,WEBR
6327,WEJO
6328,WEN
6329,WERN
6330,WES
6331,WESC
6332,WETF
6333,WEWA
6334,WEYS
6335,WFC-PC
6336,WFC-PL
6337,WFC-PQ
6338,WFC-PR
6339,WFC-PZ
6340,WFC
6341,WFCF
6342,WFRD
6343,WGEI
6344,WHD
6345,WHEN
6346,WHF
6347,WHG
6348,WHLM
6349,WHLR
6350,WHLRD
6351,WHLRL
6352,WHLRP
6353,WHLT
6354,WHR.DE
6355,WHZT
6356,WINR
6357,WINT
6358,WISA
6359,WISH
6360,WIZD
6361,WKHS
6362,WLDN
6363,WLFC
6364,WLKP
6365,WLL
6366,WLLAW
6367,WLLBW
6368,WLMS
6369,WLTW
6370,WLYW
6371,WMB
6372,WMC
6373,WMG
6374,WMK
6375,WMPN
6376,WNC
6377,WNDW
6378,WNEB
6379,WORK
6380,WORX
6381,WOW
6382,WPC
6383,WPF
6384,WRAC
6385,WRAP
6386,WRE
6387,WRI
6388,WRK
6389,WRMK
6390,WSBC
6391,WSBCP
6392,WSBF
6393,WSC
6394,WSCC
6395,WSCO
6396,WSFS
6397,WSO-B
6398,WSR
6399,WSTG
6400,WSTL
6401,WTBA
6402,WTER
6403,WTFCM
6404,WTFCP
6405,WTI
6406,WTRG
6407,WTRH
6408,WTRU
6409,WTT
6410,WTTR
6411,WU
6412,WVFC
6413,WVVI
6414,WVVIP
6415,WW
6416,WWE
6417,WWR
6418,WWW
6419,WY
6420,WYR.DE
6421,WYY
6422,X
6423,XAIR
6424,XBIO
6425,XBIOW
6426,XBIT
6427,XCUR
6428,XDSL
6429,XEC
6430,XEL
6431,XELA
6432,XELAU
6433,XELB
6434,XENT
6435,XERI
6436,XERS
6437,XFOR
6438,XGN
6439,XHR
6440,XIX.DE
6441,XL
6442,XLO
6443,XLRM
6444,XLRN
6445,XM
6446,XMTR
6447,XNCR
6448,XNDA
6449,XOG
6450,XOM
6451,XOMA
6452,XOMAO
6453,XOMAP
6454,XONE
6455,XOS
6456,XPAX
6457,XPDI
6458,XPDIU
6459,XPDIW
6460,XPEL
6461,XPER
6462,XPL
6463,XPO
6464,XPOA
6465,XPOF
6466,XPRO
6467,XRAY
6468,XRX
6469,XSNX
6470,XSPA
6471,XTNT
6472,XXII
6473,XY6.DE
6474,YAC
6475,YAYO
6476,YCBD-PA
6477,YCBD
6478,YELL
6479,YELP
6480,YETI
6481,YEWB
6482,YMAB
6483,YMTX
6484,YNDX
6485,YORW
6486,YOU
6487,YSAC
6488,YSACU
6489,YTEN
6490,YUMM
6491,Z
6492,ZBH.SW
6493,ZDPY
6494,ZEG.DE
6495,ZEST
6496,ZETA
6497,ZEUS
6498,ZEV
6499,ZG
6500,ZGNX
6501,ZGYHR
6502,ZGYHW
6503,ZI
6504,ZIM.DE
6505,ZING
6506,ZINGW
6507,ZION
6508,ZIONO
6509,ZIONP
6510,ZIOP
6511,ZIP
6512,ZIVO
6513,ZIXI
6514,ZNGA
6515,ZNTE
6516,ZNTEU
6517,ZNTL
6518,ZO1.DE
6519,ZOE.DE
6520,ZOM
6521,ZSAN
6522,ZUUS
6523,ZVIA
6524,ZVO
6525,ZWRK
6526,ZWRKU
6527,ZWRKW
6528,ZWS
6529,ZY
6530,ZYNE
6531,ZYRX
6532,ZYXI
